node_id,long_name,short_name,display_name,latitude,longitude,altitude,location_name,position_source,position_precision,first_seen,last_seen,last_position_seen,last_mqtt_seen,last_map_seen,last_telemetry_seen,last_message_seen,sources_seen,packet_count,position_count,telemetry_count,message_count,last_packet_type,last_topic,hardware_model,role,firmware_version,region,modem_preset,channel_name,status,is_local,distance_from_home_miles
!43b69ad0,eigma3,eig3,eigma3,45.5213056,-73.5707136,,"Montréal, Québec",MAP,,2026-06-30T20:12:30.956888,2026-06-30T21:12:31.175113,,2026-06-30T21:12:31.175113,2026-06-30T21:12:31.175113,,,"[""mqtt_map""]",2,0,0,0,mapreport,msh/US/2/map/,HELTEC_V3,,2.7.15.567b8ea,1,,,Active,False,870.7086019491074
!b2a73354,Jersey City Heights,JCH1,Jersey City Heights,40.7437312,-73.9311616,15.0,"New York, New York",MQTT JSON,,2026-06-29T23:00:27.862001,2026-06-30T21:25:53.090577,2026-06-30T21:12:30.142679,2026-06-30T21:25:53.090577,2026-06-30T20:15:43.980058,2026-06-30T21:23:59.483737,2026-06-30T21:25:53.090577,"[""mqtt_json"", ""mqtt_raw"", ""mqtt_map""]",663,160,140,58,text,msh/US/2/json/MediumSlow/!b2a73354,TLORA_V1_3,,2.7.22.96dd647,1,,,Active,False,615.2162854841624
!849c3d30,🦝 Home,RACH,🦝 Home,41.0386432,-73.7542144,100.0,"Town/Village of Harrison, New York",MAP,,2026-06-30T16:46:33.294314,2026-06-30T21:25:31.155405,,2026-06-30T21:25:31.155405,2026-06-30T21:25:31.155405,,,"[""mqtt_map""]",94,0,0,0,mapreport,msh/US/2/map/,HELTEC_V3,,2.6.4.b89355f,1,,,Active,False,635.2422948834217
!db51bb30,🌻Sunflower III (sjmesh.net),🌻,🌻Sunflower III (sjmesh.net),39.2429568,-75.0518272,5.0,"Commercial Township, New Jersey",MQTT JSON,,2026-06-29T22:58:07.475018,2026-06-30T21:25:36.474370,2026-06-30T21:08:37.586286,2026-06-30T21:25:36.474370,,2026-06-30T21:12:27.185281,2026-06-30T09:16:52.066554,"[""mqtt_json""]",391,86,66,4,,msh/US/2/json/LongFast/!db51bb30,TLORA_V1_3,,,,,,Active,False,505.6281283385888
!13296fa0,🌻Sunflower III (sjmesh.net),🌻,🌻Sunflower III (sjmesh.net),39.2429568,-75.0518272,5.0,"Commercial Township, New Jersey",MQTT JSON,,2026-06-29T22:58:07.125736,2026-06-30T21:23:30.865688,2026-06-30T15:59:28.009275,2026-06-30T21:23:30.865688,,2026-06-30T21:12:26.951542,2026-06-30T12:07:29.469046,"[""mqtt_json""]",340,9,92,6,,msh/US/2/json/LongFast/!13296fa0,TLORA_V1_3,,,,,,Active,False,505.6281283385888
!1ba3c324,RADIO-LIBERTAD,RS-1,RADIO-LIBERTAD,30.4873472,-87.16288,63.0,"Pensacola, Florida",MQTT JSON,,2026-06-29T22:58:49.495021,2026-06-30T21:12:26.271785,2026-06-30T21:12:26.271785,2026-06-30T21:12:26.271785,,2026-06-30T17:01:52.832938,2026-06-30T13:10:03.039431,"[""mqtt_json"", ""mqtt_raw""]",285,235,2,4,position,msh/US/2/json/LongFast/!1ba3c324,HW_110,,,,,,Active,False,409.6459284182226
!433dca88,Walnut Home,ca88,Walnut Home,30.4685056,-84.2932224,,"Tallahassee, Florida",MAP,,2026-06-30T16:46:29.532092,2026-06-30T21:25:27.064525,,2026-06-30T21:25:27.064525,2026-06-30T21:25:27.064525,,,"[""mqtt_map""]",94,0,0,0,mapreport,msh/US/2/map/,HELTEC_V3,,2.5.20.4c97351,1,,,Active,False,322.41100408612505
!49b54578,JUP G2,TRON,JUP G2,26.7583488,-80.052224,75.0,"West Palm Beach, Florida",MQTT JSON,,2026-06-29T22:58:00.686465,2026-06-30T21:12:23.645873,2026-06-30T21:12:23.645873,2026-06-30T21:12:23.645873,,2026-06-30T21:01:12.025600,2026-06-30T20:32:57.079855,"[""mqtt_json"", ""mqtt_raw""]",715,331,60,5,position,msh/US/2/json/MediumFast/!49b54578,STATION_G2,,,,,,Active,False,576.2152262261627
!32a5ac5d,kansascitymesh.live,KCML,kansascitymesh.live,39.213056,-94.521344,253.0,"Kansas City, Missouri",MQTT JSON,,2026-06-29T22:58:49.287681,2026-06-30T21:12:18.350083,2026-06-30T20:47:56.805254,2026-06-30T21:12:18.350083,,2026-06-30T14:07:20.119992,2026-06-30T06:04:31.265485,"[""mqtt_json""]",174,118,11,3,neighborinfo,msh/US/2/json/LongFast/!32a5ac5d,PORTDUINO,,,,,,Active,False,732.8155938674253
!a56bdfcd,,,!a56bdfcd,45.481984,-122.7620352,50.0,"Washington County, Oregon",MQTT JSON,,2026-06-29T22:58:54.610284,2026-06-30T21:26:10.068443,2026-06-30T21:25:50.567343,2026-06-30T21:26:10.068443,,2026-06-30T21:26:10.068443,,"[""mqtt_json"", ""mqtt_raw""]",1225,59,1096,0,telemetry,msh/US/2/json/MeshOregon/!a56bdfcd,,,,,,,Active,False,2227.409752759117
!43b6b1ec,TundraNode,Tund,TundraNode,41.8224933,-86.4751483,228.0,"Weesaw Township, Michigan",MQTT JSON,,2026-06-29T23:14:09.470957,2026-06-30T21:12:03.224375,2026-06-30T20:20:06.829127,2026-06-30T21:12:03.224375,,2026-06-30T21:12:03.224375,,"[""mqtt_json""]",97,29,56,0,telemetry,msh/US/2/json/LewiNetMesh/!43b6b1ec,HELTEC_V3,,,,,,Active,False,529.7701690628551
!43b5b5f8,Polaris Ranger,Rang,Polaris Ranger,41.8250752,-86.4681984,230.0,"Weesaw Township, Michigan",MQTT JSON,,2026-06-29T23:03:05.500674,2026-06-30T21:12:03.138215,2026-06-30T21:11:55.917057,2026-06-30T21:12:03.138215,,2026-06-30T21:12:03.138215,,"[""mqtt_json"", ""mqtt_raw""]",376,158,151,0,telemetry,msh/US/2/json/LewiNetMesh/!43b5b5f8,TLORA_V1_3,,,,,,Active,False,529.7740903131088
!eb719922,Paauilo Mauka 1609,1609,Paauilo Mauka 1609,21.4171648,-157.7320448,-1.0,"East Honolulu, Hawaii",MQTT JSON,,2026-06-29T23:00:40.889833,2026-06-30T21:25:48.170116,2026-06-30T21:10:21.474109,2026-06-30T21:25:48.170116,,2026-06-30T21:09:23.584606,2026-06-30T16:56:26.951252,"[""mqtt_json"", ""mqtt_raw""]",1549,955,242,6,,msh/US/2/json/LongFast/!eb719922,TLORA_V1_3,,,,,,Active,False,4580.5217366216675
!6984c458,Meshtastic c458,c458,Meshtastic c458,36.1627648,-86.8614144,149.0,"Nashville, Tennessee",MAP,,2026-06-30T20:12:00.187147,2026-06-30T21:12:00.488491,,2026-06-30T21:12:00.488491,2026-06-30T21:12:00.488491,,,"[""mqtt_map""]",2,0,0,0,mapreport,msh/US/2/map/,HW_110,,2.7.15.567b8ea,1,,,Active,False,267.046577383913
!75e9871c,Grim2,Grm2,Grim2,45.473939,-75.531627,100.0,"Ottawa, Ontario",MAP,,2026-06-30T16:46:52.867406,2026-06-30T21:25:58.314556,,2026-06-30T21:25:58.314556,2026-06-30T21:25:58.314556,,,"[""mqtt_map""]",93,0,0,0,mapreport,msh/US/2/map/,HELTEC_V3,,2.5.11.8e2a3e5,1,,,Active,False,817.6904727407168
!f6701924,JD Solar Base 001,JDS1,JD Solar Base 001,36.0591915,-95.896532,34.0,"Tulsa, Oklahoma",MQTT JSON,,2026-06-29T23:03:34.147878,2026-06-30T21:25:54.007691,2026-06-30T21:25:54.007691,2026-06-30T21:25:54.007691,,2026-06-30T20:47:55.881550,2026-06-30T13:15:09.689387,"[""mqtt_json"", ""mqtt_raw""]",679,494,54,1,position,msh/US/2/json/JDH/!f6701924,HW_95,,,,,,Active,False,763.875735720715
!a2ebb35c,KF8CXM,SBG2,KF8CXM,43.3127424,-83.4732032,229.0,"Vassar Township, Michigan",MQTT JSON,,2026-06-29T23:06:52.157441,2026-06-30T21:21:08.275407,2026-06-30T21:20:51.733149,2026-06-30T21:21:08.275407,,2026-06-30T20:17:08.570211,,"[""mqtt_json""]",194,116,28,0,nodeinfo,msh/US/2/json/Primary/!a2ebb35c,STATION_G2,,,,,,Active,False,587.3890843499912
!9e9d8274,BoDangles8274,8274,BoDangles8274,32.9777152,-96.6262784,171.0,"Garland, Texas",MAP,,2026-06-30T20:11:47.585022,2026-06-30T21:11:47.857416,,2026-06-30T21:11:47.857416,2026-06-30T21:11:47.857416,,,"[""mqtt_map""]",2,0,0,0,mapreport,msh/US/2/map/,HELTEC_V3,,2.7.15.567b8ea,1,,,Active,False,825.5465553164659
!433d5da8,KN4BVH-H,BVH,KN4BVH-H,35.196928,-89.8637824,90.0,"Bartlett, Tennessee",MAP,,2026-06-30T16:47:44.611341,2026-06-30T21:25:46.075979,,2026-06-30T21:25:46.075979,2026-06-30T21:25:46.075979,,,"[""mqtt_map""]",45,0,0,0,mapreport,msh/US/2/map/,HELTEC_V3,,2.5.15.79da236,1,,,Active,False,423.21995554472437
!43b57cb4,TK_Heltec_V3,TKv3,TK_Heltec_V3,37.1458048,-81.5005696,732.0,"Tazewell County, Virginia",MAP,,2026-06-30T16:56:45.683185,2026-06-30T21:11:46.048253,,2026-06-30T21:11:46.048253,2026-06-30T21:11:46.048253,,,"[""mqtt_map""]",6,0,0,0,mapreport,msh/US/2/map/,HELTEC_V3,,2.6.5.fc3d9f2,1,,,Active,False,166.12863356672617
!69842154,WASMA Covington WA,WSMA,WASMA Covington WA,47.3694208,-122.0804608,146.0,"Covington, Washington",MQTT JSON,,2026-06-29T22:58:29.910406,2026-06-30T21:11:39.701989,2026-06-30T21:11:39.701989,2026-06-30T21:11:39.701989,,2026-06-30T12:36:32.036515,,"[""mqtt_json"", ""mqtt_raw""]",1325,1231,1,0,position,msh/US/2/json/LongFast/!69842154,TLORA_V1_3,,,,,,Active,False,2210.232013084672
!69854c6c,Five Forks Corridor 1,FFC1,Five Forks Corridor 1,33.721,-84.339,300.0,"DeKalb County, Georgia",MQTT JSON,,2026-06-29T23:04:19.040612,2026-06-30T21:25:10.694683,2026-06-30T21:11:27.788759,2026-06-30T21:25:10.694683,,2026-06-30T21:25:10.694683,2026-06-30T21:20:48.680495,"[""mqtt_json"", ""mqtt_raw""]",298,126,43,5,telemetry,msh/US/2/json/MediumFast/!69854c6c,TLORA_V1_3,,,,,,Active,False,135.79638274915064
!9e9d9454,NPYC Base,NPYC,NPYC Base,42.7032576,-82.706432,148.0,"Saint Clair County, Michigan",MQTT JSON,,2026-06-29T22:59:24.066678,2026-06-30T21:11:25.073593,2026-06-30T21:10:34.697717,2026-06-30T21:11:25.073593,,2026-06-30T21:11:25.073593,,"[""mqtt_json""]",377,237,81,0,telemetry,msh/US/2/json/LongFast/!9e9d9454,HELTEC_V3,,,,,,Active,False,542.6938721127725
!a1cbf00c,Murky,MRKY,Murky,29.097984,-82.051072,35.0,"Marion County, Florida",MAP,,2026-06-30T21:02:36.676077,2026-06-30T21:11:10.369531,,2026-06-30T21:11:10.369531,2026-06-30T21:11:10.369531,,,"[""mqtt_map""]",2,0,0,0,mapreport,msh/US/2/map/,T_DECK,,2.7.26.54e0d8d,1,,,Active,False,398.1167447623619
!044ca152,K3WHO-Portable,WHO1,K3WHO-Portable,41.1697152,-77.3718016,228.0,"Dunnstable Township, Pennsylvania",MAP,,2026-06-30T20:11:09.853112,2026-06-30T21:11:10.330774,,2026-06-30T21:11:10.330774,2026-06-30T21:11:10.330774,,,"[""mqtt_map""]",2,0,0,0,mapreport,msh/US/2/map/,SENSECAP_INDICATOR,,2.7.15.567b8ea,1,,,Active,False,514.8070377589078
!9eeca7cc,BOSSROSS,BOSS,BOSSROSS,34.865152,-86.769664,257.0,"Madison County, Alabama",MAP,,2026-06-30T20:11:02.426359,2026-06-30T21:11:02.739744,,2026-06-30T21:11:02.739744,2026-06-30T21:11:02.739744,,,"[""mqtt_map""]",2,0,0,0,mapreport,msh/US/2/map/,HELTEC_V3,,2.6.11.60ec05e,1,,,Active,False,248.0645052709554
!da547958,Meshtastic 2e90,2e90,Meshtastic 2e90,35.4418688,-81.1597824,192.0,"Lincoln County, North Carolina",MQTT JSON,,2026-06-29T22:59:33.279819,2026-06-30T21:22:46.479241,2026-06-30T21:10:56.662913,2026-06-30T21:22:46.479241,,2026-06-30T21:22:46.479241,,"[""mqtt_json"", ""mqtt_raw""]",432,321,51,0,telemetry,msh/US/2/json/LongFast/!da547958,HELTEC_V3,,,,,,Active,False,80.7445289071971
!04086110,Meshtastic 6110,6110,Meshtastic 6110,36.0054784,-115.1991808,735.0,"Clark County, Nevada",MAP,,2026-06-30T20:10:54.839576,2026-06-30T21:10:55.062321,,2026-06-30T21:10:55.062321,2026-06-30T21:10:55.062321,,,"[""mqtt_map""]",2,0,0,0,mapreport,msh/US/2/map/,HELTEC_V3,12,2.7.26.54e0d8d,1,,,Active,False,1839.9317379134031
!3a8a281b,AlphaBase,ABas,AlphaBase,46.8779008,-71.335936,189.0,"Québec, Québec",MAP,,2026-06-30T20:10:51.881108,2026-06-30T21:10:52.321562,,2026-06-30T21:10:52.321562,2026-06-30T21:10:52.321562,,,"[""mqtt_map""]",2,0,0,0,mapreport,msh/US/2/map/,TLORA_V1_3,,2.7.15.567b8ea,1,,,Active,False,1009.8462100794397
!75f1824c,Shizu base (MQTT Up),SBSE,Shizu base (MQTT Up),40.0216064,-82.876416,245.0,"Gahanna, Ohio",MAP,,2026-06-30T16:47:28.881998,2026-06-30T21:24:09.087108,,2026-06-30T21:24:09.087108,2026-06-30T21:24:09.087108,,,"[""mqtt_map""]",29,0,0,0,mapreport,msh/US/2/map/,TLORA_V2_1_1P8,,2.5.4.8d288d5,1,,,Active,False,358.12528507659454
!0ac9d69c,Meshtastic d69c,d69c,Meshtastic d69c,33.3709312,-111.9617024,214.0,"Guadalupe, Arizona",MQTT JSON,,2026-06-29T22:59:02.855860,2026-06-30T21:25:15.308235,2026-06-30T21:10:44.463717,2026-06-30T21:25:15.308235,,2026-06-30T20:47:20.427640,,"[""mqtt_json"", ""mqtt_raw""]",691,521,23,0,nodeinfo,msh/US/2/json/LongFast/!0ac9d69c,HW_110,,,,,,Active,False,1688.4414110761054
!1de92724,CHINO_EL3MEN2,CHI,CHINO_EL3MEN2,36.14295,-115.06404,528.0,"Clark County, Nevada",MQTT JSON,,2026-06-29T23:11:54.828895,2026-06-30T21:25:42.064628,2026-06-30T20:09:26.590587,2026-06-30T21:25:42.064628,2026-06-30T21:24:35.595203,2026-06-30T21:09:56.145408,2026-06-30T15:23:19.701815,"[""mqtt_json"", ""mqtt_map""]",285,59,33,1,,msh/US/2/json/LongFast/!1de92724,HW_81,,2.7.26.54e0d8d,1,,,Active,False,1831.2655982925075
!69850754,GroggyGus b63a,Grog,GroggyGus b63a,39.791526,-86.136484,225.0,"Indianapolis, Indiana",MQTT JSON,,2026-06-30T10:17:44.624941,2026-06-30T21:10:37.113893,2026-06-30T21:10:37.113893,2026-06-30T21:10:37.113893,,2026-06-30T20:44:47.566797,2026-06-30T10:19:20.704997,"[""mqtt_json""]",179,60,37,1,position,msh/US/2/json/IndyRuckus/!69850754,TBEAM_V0P7,,,,,,Active,False,398.3224110652262
!4358f87c,JSP-V3,JSPV,JSP-V3,29.19424,-81.9367936,30.0,"Marion County, Florida",MAP,,2026-06-30T16:48:06.268348,2026-06-30T21:23:19.711402,,2026-06-30T21:23:19.711402,2026-06-30T21:23:19.711402,,,"[""mqtt_map""]",29,0,0,0,mapreport,msh/US/2/map/,HELTEC_V3,1,2.5.20.4c97351,1,,,Active,False,391.873978311544
!fa664944,LoRa-002,LR-0,LoRa-002,34.852951,-84.1775277,682.0,"Fannin County, Georgia",MAP,,2026-06-30T16:50:24.022310,2026-06-30T21:20:24.933147,,2026-06-30T21:20:24.933147,2026-06-30T21:20:24.933147,,,"[""mqtt_map""]",11,0,0,0,mapreport,msh/US/2/map/,HELTEC_V3,,2.5.11.8e2a3e5,1,,,Active,False,101.12507350675392
!0404fc0c,KC3UXM_Route,fc0c,KC3UXM_Route,30.277632,-94.9223424,35.0,"Liberty County, Texas",MQTT JSON,,2026-06-29T23:00:31.135480,2026-06-30T21:21:07.920166,2026-06-30T21:09:17.877641,2026-06-30T21:21:07.920166,,2026-06-30T20:41:27.761129,2026-06-30T20:44:53.856898,"[""mqtt_json""]",377,145,22,10,,msh/US/2/json/LongFast/!0404fc0c,HELTEC_V3,,,,,,Active,False,794.2944990525064
!da5490b4,Meshtastic 777,777,Meshtastic 777,53.870592,-110.6509824,564.0,"County of St. Paul, Alberta",MQTT JSON,,2026-06-29T23:03:01.385995,2026-06-30T21:10:10.474915,2026-06-30T21:10:10.474915,2026-06-30T21:10:10.474915,,2026-06-30T21:04:54.464377,,"[""mqtt_json""]",216,130,60,0,position,msh/US/2/json/LongFast/!da5490b4,TBEAM,,,,,,Active,False,1893.6766955303005
!b2a710c4,🫐MemberBerry (sjmesh.net),🫐,🫐MemberBerry (sjmesh.net),39.641088,-74.8044288,32.0,"Hammonton, New Jersey",MQTT JSON,,2026-06-29T23:04:08.622304,2026-06-30T21:10:08.457351,2026-06-30T21:08:45.063847,2026-06-30T21:10:08.457351,,2026-06-30T21:10:08.457351,,"[""mqtt_json"", ""mqtt_raw""]",390,177,81,0,telemetry,msh/US/2/json/LongFast/!b2a710c4,HW_110,,,,,,Active,False,532.3046712231871
!02e70638,Meshtastic 0638,0638,Meshtastic 0638,42.1658624,-83.5846144,182.0,"Augusta Charter Township, Michigan",MAP,,2026-06-30T20:10:00.341281,2026-06-30T21:10:00.620380,,2026-06-30T21:10:00.620380,2026-06-30T21:10:00.620380,,,"[""mqtt_map""]",2,0,0,0,mapreport,msh/US/2/map/,HELTEC_V3,12,2.7.15.567b8ea,1,,,Active,False,509.37099198727145
!9d773d84,New Vickers Node,VKRS,New Vickers Node,48.380847,-89.251401,194.0,"Thunder Bay, Ontario",MQTT JSON,,2026-06-29T23:54:58.854788,2026-06-30T21:24:50.151945,2026-06-30T15:25:31.538255,2026-06-30T21:24:50.151945,,,,"[""mqtt_json""]",84,2,0,0,,msh/US/2/json/LongFast/!9d773d84,PORTDUINO,,,,,,Active,False,998.5692106140316
!087a8e0c,Rincon Valley-1,RV-1,Rincon Valley-1,32.11264,-110.7034112,975.0,"Pima County, Arizona",MQTT JSON,,2026-06-29T22:58:22.694948,2026-06-30T21:25:29.622659,2026-06-30T21:09:31.732289,2026-06-30T21:25:29.622659,,2026-06-30T21:25:29.622659,2026-06-30T05:18:16.276487,"[""mqtt_json""]",384,120,104,2,telemetry,msh/US/2/json/LongFast/!087a8e0c,LILYGO_TBEAM_S3_CORE,,,,,,Active,False,1636.9087612682622
!224abb60,KW1FOX,FOX1,KW1FOX,43.1751168,-71.5390976,20.0,"Concord, New Hampshire",MQTT JSON,,2026-06-29T23:03:32.369999,2026-06-30T21:09:09.866522,2026-06-30T21:09:09.866522,2026-06-30T21:09:09.866522,,,,"[""mqtt_json""]",139,124,0,0,position,msh/US/2/json/LongFast/!224abb60,PORTDUINO,,,,,,Active,False,817.3673889328469
!1ba1f68c,slowbo,slow,slowbo,44.0139776,-69.9138048,7.0,"Bowdoinham, Maine",MAP,,2026-06-30T20:09:06.268618,2026-06-30T21:09:06.537222,,2026-06-30T21:09:06.537222,2026-06-30T21:09:06.537222,,,"[""mqtt_map""]",2,0,0,0,mapreport,msh/US/2/map/,HW_110,,2.7.15.567b8ea,1,,,Active,False,916.8893851570015
!435ac904,SUSQ VAL PA Mesh - Manheim - SPARC,SVMI,SUSQ VAL PA Mesh - Manheim - SPARC,39.97696,-76.7295488,119.0,"North York, Pennsylvania",MQTT JSON,,2026-06-29T23:00:34.338009,2026-06-30T21:09:03.536941,2026-06-30T21:09:03.536941,2026-06-30T21:09:03.536941,,2026-06-30T21:08:42.689441,2026-06-30T00:00:17.349565,"[""mqtt_json"", ""mqtt_raw""]",679,337,177,1,position,msh/US/2/json/LongFast/!435ac904,PORTDUINO,,,,,,Active,False,470.9414921688412
!9e768068,GND3 BASE,GND3,GND3 BASE,35.6367718,-78.6812191,96.0,"Wake County, North Carolina",MQTT JSON,,2026-06-29T22:59:12.776321,2026-06-30T21:08:37.117082,2026-06-30T21:08:37.117082,2026-06-30T21:08:37.117082,,,,"[""mqtt_json"", ""mqtt_raw""]",216,182,0,0,position,msh/US/2/json/LongFast/!9e768068,HELTEC_V3,,,,,,Active,False,216.38470293161262
!02ee6548,Nova's LoRa Lounge ✨,N0VA,Nova's LoRa Lounge ✨,29.9137621,-95.7171361,3337795935.0,"Harris County, Texas",MAP,,2026-06-30T16:48:20.379141,2026-06-30T21:23:25.652103,,2026-06-30T21:23:25.652103,2026-06-30T21:23:25.652103,,,"[""mqtt_map""]",34,0,0,0,mapreport,msh/US/2/map/,,,2.7.15.567b8ea,,,,Active,False,848.0412530317252
!9ea09c14,VE2DSK,DSK,VE2DSK,45.6523776,-73.5707136,45.0,"Montréal, Québec",MAP,,2026-06-30T20:08:14.058995,2026-06-30T21:08:14.449028,,2026-06-30T21:08:14.449028,2026-06-30T21:08:14.449028,,,"[""mqtt_map""]",2,0,0,0,mapreport,msh/US/2/map/,HELTEC_WSL_V3,,2.6.11.60ec05e,1,,,Active,False,878.1209448715471
!f59196ec,Meshtastic 90c8,90c8,Meshtastic 90c8,48.463872,-89.1879424,221.0,"Thunder Bay, Ontario",MQTT JSON,,2026-06-29T23:01:30.501381,2026-06-30T21:08:12.247298,2026-06-30T21:08:12.247298,2026-06-30T21:08:12.247298,,,,"[""mqtt_json"", ""mqtt_raw""]",296,259,0,0,position,msh/US/2/json/LongFast/!f59196ec,HW_81,,,,,,Active,False,1002.7166893632059
!43b58b44,Meshtastic f0b0,f0b0,Meshtastic f0b0,38.0864666,-105.8288766,2327.0,"Saguache County, Colorado",MQTT JSON,,2026-06-29T23:11:01.919453,2026-06-30T21:07:55.734347,2026-06-30T13:34:15.633303,2026-06-30T21:07:55.734347,,2026-06-30T21:07:55.734347,,"[""mqtt_json""]",230,69,125,0,telemetry,msh/US/2/json/LewiNetMesh/!43b58b44,HELTEC_V3,,,,,,Active,False,1317.514147004766
!433ae1b0,blind e1b0,e1b0,blind e1b0,38.7505438,-77.3705276,113.0,"Fairfax County, Virginia",MQTT JSON,,2026-06-29T22:58:09.405961,2026-06-30T21:24:32.305423,2026-06-30T21:24:32.305423,2026-06-30T21:24:32.305423,2026-06-30T19:53:08.452471,2026-06-30T21:07:47.915444,,"[""mqtt_json"", ""mqtt_raw"", ""mqtt_map""]",280,128,121,0,position,msh/US/2/json/Crypto/!433ae1b0,HELTEC_V3,,,,,,Active,False,386.88359634409164
!7c5aba08,fb_home,fb_h,fb_home,41.8054144,-87.7723648,149.0,"Forest View, Illinois",MAP,,2026-06-30T20:07:09.202811,2026-06-30T21:07:09.576847,,2026-06-30T21:07:09.576847,2026-06-30T21:07:09.576847,,,"[""mqtt_map""]",2,0,0,0,mapreport,msh/US/2/map/,HELTEC_V3,,2.7.15.567b8ea,1,,,Active,False,561.6408852364617
!9e9d7f14,Jesterfarms Mesh ,🃏,Jesterfarms Mesh ,30.5332224,-97.6683008,216.0,"Round Rock, Texas",MAP,,2026-06-30T20:06:33.768322,2026-06-30T21:06:34.046862,,2026-06-30T21:06:34.046862,2026-06-30T21:06:34.046862,,,"[""mqtt_map""]",2,0,0,0,mapreport,msh/US/2/map/,HELTEC_V3,,2.7.15.567b8ea,1,,,Active,False,935.7940096098819
!f66f9610,NTBCnj9610,9610,NTBCnj9610,40.0621568,-74.6520576,46.0,"Springfield Township, New Jersey",MAP,,2026-06-30T20:06:21.451592,2026-06-30T21:06:21.709920,,2026-06-30T21:06:21.709920,2026-06-30T21:06:21.709920,,,"[""mqtt_map""]",2,0,0,0,mapreport,msh/US/2/map/,HW_110,,2.7.15.567b8ea,1,,,Active,False,556.259925297384
!08104c38,Meshtastic 4c38,4c38,Meshtastic 4c38,42.4411136,-88.0017408,2.0,"Old Mill Creek, Illinois",MQTT JSON,,2026-06-29T23:01:14.904819,2026-06-30T21:06:08.484640,2026-06-30T21:06:08.484640,2026-06-30T21:06:08.484640,,,,"[""mqtt_json"", ""mqtt_raw""]",120,92,0,0,position,msh/US/2/json/LongFast/!08104c38,LILYGO_TBEAM_S3_CORE,,,,,,Active,False,605.0348303348288
!69823924,KM4CTB-C,CTBC,KM4CTB-C,30.2579712,-81.3891584,12.0,"Jacksonville Beach, Florida",MAP,,2026-06-30T20:06:02.400769,2026-06-30T21:06:02.779349,,2026-06-30T21:06:02.779349,2026-06-30T21:06:02.779349,,,"[""mqtt_map""]",2,0,0,0,mapreport,msh/US/2/map/,HW_110,,2.7.15.567b8ea,1,,,Active,False,322.80391111694007
!f661a4a4,Meshtastic a4a4,A4A4,Meshtastic a4a4,40.30464,-74.6979328,78.0,"Lawrence Township, New Jersey",MAP,,2026-06-30T20:05:55.504637,2026-06-30T21:05:55.799745,,2026-06-30T21:05:55.799745,2026-06-30T21:05:55.799745,,,"[""mqtt_map""]",2,0,0,0,mapreport,msh/US/2/map/,HW_110,12,2.7.26.54e0d8d,1,,,Active,False,564.828819546038
!16cd801c,prestastic,📡,prestastic,38.2337024,-104.52992,4723.0,"Pueblo County, Colorado",MAP,,2026-06-30T17:05:54.306437,2026-06-30T21:05:54.460373,,2026-06-30T21:05:54.460373,2026-06-30T21:05:54.460373,,,"[""mqtt_map""]",3,0,0,0,mapreport,msh/US/2/map/,STATION_G2,,2.7.15.567b8ea,1,,,Active,False,1247.6413889132673
!f66f9788,TheOv3rminD,0069,TheOv3rminD,32.5255168,-93.5002112,71.0,"Haughton, Louisiana",MAP,,2026-06-30T17:05:21.141100,2026-06-30T21:05:21.685627,,2026-06-30T21:05:21.685627,2026-06-30T21:05:21.685627,,,"[""mqtt_map""]",3,0,0,0,mapreport,msh/US/2/map/,HW_110,12,2.7.15.567b8ea,1,,,Active,False,658.0362190386522
!9e75ba20,s2h4 ba20,s2h4,s2h4 ba20,42.139648,-71.9716352,258.0,"Charlton, Massachusetts",MAP,,2026-06-30T17:05:14.484136,2026-06-30T21:05:15.010557,,2026-06-30T21:05:15.010557,2026-06-30T21:05:15.010557,,,"[""mqtt_map""]",3,0,0,0,mapreport,msh/US/2/map/,HELTEC_WIRELESS_TRACKER,,2.7.15.567b8ea,1,,,Active,False,754.7005333083711
!9e9d16e0,AB WiFi Home - Glendale Red Deer,ABWH,AB WiFi Home - Glendale Red Deer,52.2969088,-113.831936,875.0,"City of Red Deer, Alberta",MQTT JSON,,2026-06-29T22:58:24.322201,2026-06-30T21:25:44.525249,2026-06-30T21:24:48.631920,2026-06-30T21:25:44.525249,2026-06-30T19:54:52.528502,2026-06-30T21:25:44.525249,,"[""mqtt_json"", ""mqtt_raw"", ""mqtt_map""]",263,100,50,0,telemetry,msh/US/2/json/LongFast/!9e9d16e0,HELTEC_V3,,,,,,Active,False,1956.532916055288
!63bf93bc,CTK-GatewayAdvance3.5,CTKG,CTK-GatewayAdvance3.5,41.2321008,-73.3802463,70.0,"Weston, Connecticut",MQTT JSON,,2026-06-29T23:04:48.558996,2026-06-30T21:04:19.489836,2026-06-30T21:04:19.489836,2026-06-30T21:04:19.489836,,,,"[""mqtt_json""]",145,124,0,0,position,msh/US/2/json/CKFamily/!63bf93bc,HW_97,,,,,,Active,False,658.7682411799891
!9eeccbac,pinkle,pink,pinkle,28.0438726,-80.6516223,-24.0,"West Melbourne, Florida",MQTT JSON,,2026-06-29T23:05:03.285552,2026-06-30T21:03:50.741453,2026-06-30T21:03:50.741453,2026-06-30T21:03:50.741453,2026-06-30T20:47:04.281035,,,"[""mqtt_json"", ""mqtt_raw"", ""mqtt_map""]",101,92,0,0,position,msh/US/2/json/POS/!9eeccbac,HELTEC_WIRELESS_TRACKER,,2.7.15.567b8ea,1,,,Active,False,481.49568917192016
!6982c144,Euchariah_Who,ewho,Euchariah_Who,35.7892096,-78.8201472,132.0,"Cary, North Carolina",MAP,,2026-06-30T17:03:47.892964,2026-06-30T21:03:48.030904,,2026-06-30T21:03:48.030904,2026-06-30T21:03:48.030904,,,"[""mqtt_map""]",3,0,0,0,mapreport,msh/US/2/map/,HW_110,,2.7.15.567b8ea,1,,,Active,False,211.6006887033764
!8fa1f900,Dorito_Attic,DrAT,Dorito_Attic,38.9873664,-77.103104,96.0,"Bethesda, Maryland",MAP,,2026-06-30T17:03:45.066986,2026-06-30T21:03:45.183201,,2026-06-30T21:03:45.183201,2026-06-30T21:03:45.183201,,,"[""mqtt_map""]",3,0,0,0,mapreport,msh/US/2/map/,HW_110,12,2.7.23.b246bcd,1,,,Active,False,408.5510652614375
!09d4b194,K2ELI BASE,K2B,K2ELI BASE,26.7124736,-80.2422784,7.0,"Royal Palm Beach, Florida",MAP,,2026-06-30T20:31:17.913213,2026-06-30T21:03:29.267511,,2026-06-30T21:03:29.267511,2026-06-30T21:03:29.267511,,,"[""mqtt_map""]",2,0,0,0,mapreport,msh/US/2/map/,HELTEC_V3,1,2.7.26.54e0d8d,1,,,Active,False,576.7056652298106
!b03dfbd0,CC-fbd0,CCd0,CC-fbd0,41.5629312,-90.6100736,235.0,"Davenport, Iowa",MAP,,2026-06-30T16:48:19.941913,2026-06-30T21:03:20.160157,,2026-06-30T21:03:20.160157,2026-06-30T21:03:20.160157,,,"[""mqtt_map""]",6,0,0,0,mapreport,msh/US/2/map/,HELTEC_V3,,2.5.20.4c97351,1,,,Active,False,642.7771745373062
!74a5526c,KJ5DAA-Router1,RTR1,KJ5DAA-Router1,30.6315264,-96.2461696,79.0,"Brazos County, Texas",MAP,,2026-06-30T17:03:08.687416,2026-06-30T21:03:08.971916,,2026-06-30T21:03:08.971916,2026-06-30T21:03:08.971916,,,"[""mqtt_map""]",3,0,0,0,mapreport,msh/US/2/map/,TLORA_V1_3,2,2.6.11.60ec05e,1,,,Active,False,855.3093392961731
!3369d6a8,KC5CNT Base,RHa8,KC5CNT Base,38.9677056,-78.184448,185.0,"Warren County, Virginia",MAP,,2026-06-30T16:48:05.520740,2026-06-30T21:03:06.234530,,2026-06-30T21:03:06.234530,2026-06-30T21:03:06.234530,,,"[""mqtt_map""]",6,0,0,0,mapreport,msh/US/2/map/,HELTEC_V3,2,2.5.18.89ebafc,1,,,Active,False,367.22841241336454
!cd17d627,Mesh that Divide 🏔️,#^÷,Mesh that Divide 🏔️,39.6558336,-104.8379392,1701.0,"Aurora, Colorado",MAP,,2026-06-30T20:03:00.551865,2026-06-30T21:03:00.691258,,2026-06-30T21:03:00.691258,2026-06-30T21:03:00.691258,,,"[""mqtt_map""]",2,0,0,0,mapreport,msh/US/2/map/,HW_99,,2.7.25.104df5f,1,,,Active,False,1274.3869663113942
!b03be1d0,KA1HCX-3,HCX3,KA1HCX-3,41.1435008,-73.2561408,3562405888.0,"Fairfield, Connecticut",MAP,,2026-06-30T16:47:56.184835,2026-06-30T21:02:56.433479,,2026-06-30T21:02:56.433479,2026-06-30T21:02:56.433479,,,"[""mqtt_map""]",6,0,0,0,mapreport,msh/US/2/map/,HELTEC_V3,,2.5.20.4c97351,1,,,Active,False,659.9821212451595
!ebd79dcc,Knights Who Says Wii,🏰,Knights Who Says Wii,26.0308992,-80.1374208,,"Hollywood, Florida",MAP,,2026-06-30T17:02:50.422186,2026-06-30T21:02:50.528831,,2026-06-30T21:02:50.528831,2026-06-30T21:02:50.528831,,,"[""mqtt_map""]",3,0,0,0,mapreport,msh/US/2/map/,PORTDUINO,12,2.7.15,1,,,Active,False,624.1151339880138
!0400a4d8,WFI Gateway,WFIG,WFI Gateway,41.3663232,-71.8798848,6.0,"Stonington, Connecticut",MAP,,2026-06-30T17:02:42.388814,2026-06-30T21:02:42.453414,,2026-06-30T21:02:42.453414,2026-06-30T21:02:42.453414,,,"[""mqtt_map""]",3,0,0,0,mapreport,msh/US/2/map/,HELTEC_V3,,2.7.15.567b8ea,1,,,Active,False,726.5909006027902
!25048984,Meshtastic 8984,8984,Meshtastic 8984,35.487744,-97.5241216,373.0,"Oklahoma City, Oklahoma",MAP,,2026-06-30T17:02:23.939248,2026-06-30T21:02:24.239927,,2026-06-30T21:02:24.239927,2026-06-30T21:02:24.239927,,,"[""mqtt_map""]",3,0,0,0,mapreport,msh/US/2/map/,TBEAM,,2.6.11.60ec05e,1,,,Active,False,854.8474009476996
!02ec7b38,KE8FZT-0,ABN0,KE8FZT-0,42.2313984,-85.590016,239.0,"Portage, Michigan",MAP,,2026-06-30T17:02:18.836761,2026-06-30T21:02:18.906462,,2026-06-30T21:02:18.906462,2026-06-30T21:02:18.906462,,,"[""mqtt_map""]",3,0,0,0,mapreport,msh/US/2/map/,HELTEC_V3,,2.7.15.567b8ea,1,,,Active,False,538.1794727956463
!02e5a214,Atlantic 53 - Base,AB53,Atlantic 53 - Base,42.6377216,-71.3949184,37.0,"Chelmsford, Massachusetts",MAP,,2026-06-30T17:02:03.926060,2026-06-30T21:02:04.085575,,2026-06-30T21:02:04.085575,2026-06-30T21:02:04.085575,,,"[""mqtt_map""]",2,0,0,0,mapreport,msh/US/2/map/,HELTEC_V3,12,2.7.15.567b8ea,1,,,Active,False,799.1632013181683
!433f1a94,MAX AIO Gray ,MAXX,MAX AIO Gray ,34.0721664,-80.9172992,91.0,"Richland County, South Carolina",MAP,,2026-06-30T17:01:59.297040,2026-06-30T21:01:59.760744,,2026-06-30T21:01:59.760744,2026-06-30T21:01:59.760744,,,"[""mqtt_map""]",2,0,0,0,mapreport,msh/US/2/map/,HELTEC_V3,,2.7.15.567b8ea,1,,,Active,False,99.92139820367298
!151de84d,Mickel Pocket ,MCK2,Mickel Pocket ,33.2333056,-87.5364352,81.0,"Tuscaloosa, Alabama",MAP,,2026-06-30T21:01:57.529272,2026-06-30T21:01:57.529272,,2026-06-30T21:01:57.529272,2026-06-30T21:01:57.529272,,,"[""mqtt_map""]",1,0,0,0,mapreport,msh/US/2/map/,RAK3172,1,2.7.15.567b8ea,1,,,Active,False,314.90940352388003
!9e7873d4,Aareon Router 1,IPV1,Aareon Router 1,32.4534272,-90.0202496,97.0,"Rankin County, Mississippi",MAP,,2026-06-30T21:01:48.442088,2026-06-30T21:01:48.442088,,2026-06-30T21:01:48.442088,2026-06-30T21:01:48.442088,,,"[""mqtt_map""]",1,0,0,0,mapreport,msh/US/2/map/,HELTEC_V3,2,2.7.15.567b8ea,1,,,Active,False,468.73671997415977
!49b68d64,ANCHOR,ANKR,ANCHOR,33.882112,-84.5545472,282.0,"Cobb County, Georgia",MAP,,2026-06-30T17:01:33.451484,2026-06-30T21:01:33.480696,,2026-06-30T21:01:33.480696,2026-06-30T21:01:33.480696,,,"[""mqtt_map""]",2,0,0,0,mapreport,msh/US/2/map/,HW_110,,2.7.15.567b8ea,1,,,Active,False,140.2802496330862
!e2e5373c,Incline Village 1 MQTT,IV1M,Incline Village 1 MQTT,39.2527872,-119.980032,1946.0,"Washoe County, Nevada",MAP,,2026-06-30T16:46:32.492251,2026-06-30T21:01:33.335581,,2026-06-30T21:01:33.335581,2026-06-30T21:01:33.335581,,,"[""mqtt_map""]",6,0,0,0,mapreport,msh/US/2/map/,HELTEC_V3,,2.4.0.46d7b82,1,,,Active,False,2079.7020031989045
!55c75954,Meshtastic 5954,5954,Meshtastic 5954,44.957696,-91.4096128,272.0,"Town of Tilden, Wisconsin",MAP,,2026-06-30T17:01:16.675569,2026-06-30T21:01:17.099904,,2026-06-30T21:01:17.099904,2026-06-30T21:01:17.099904,,,"[""mqtt_map""]",3,0,0,0,mapreport,msh/US/2/map/,TBEAM,12,2.7.15.567b8ea,1,,,Active,False,844.8649022020836
!433b0ea8,www.slovakia.travel 🇸🇰,👾,www.slovakia.travel 🇸🇰,40.5018,-105.0266,1502.0,"Fort Collins, Colorado",MAP,,2026-06-30T17:01:03.910558,2026-06-30T21:01:04.703090,,2026-06-30T21:01:04.703090,2026-06-30T21:01:04.703090,,,"[""mqtt_map""]",6,0,0,0,mapreport,msh/US/2/map/,HELTEC_V3,,2.5.12.aa184e6,1,,,Active,False,1293.537146208613
!98dd654c,CpnB ExpressLRS Attic,CpnA,CpnB ExpressLRS Attic,28.0887296,-82.640896,4.0,"Hillsborough County, Florida",MAP,,2026-06-30T17:00:53.597523,2026-06-30T21:00:53.903874,,2026-06-30T21:00:53.903874,2026-06-30T21:00:53.903874,,,"[""mqtt_map""]",3,0,0,0,mapreport,msh/US/2/map/,HW_46,,2.6.11.60ec05e53,1,,,Active,False,467.56937565605534
!6c741f88,VA7DDK-R,APDR,VA7DDK-R,49.2765184,-122.8341248,100.0,"Port Moody, British Columbia",MAP,,2026-06-30T17:00:40.431110,2026-06-30T21:00:40.623258,,2026-06-30T21:00:40.623258,2026-06-30T21:00:40.623258,,,"[""mqtt_map""]",3,0,0,0,mapreport,msh/US/2/map/,TBEAM,12,2.7.16.a597230,1,,,Active,False,2266.277626202064
!db2949b4,Poodleland 49b4,49b4,Poodleland 49b4,41.9168256,-87.687168,180.0,"Chicago, Illinois",MQTT JSON,,2026-06-29T23:19:37.620709,2026-06-30T21:00:39.067108,2026-06-30T21:00:39.067108,2026-06-30T21:00:39.067108,,2026-06-30T16:07:39.303803,,"[""mqtt_json""]",68,31,29,0,position,msh/US/2/json/HarperLand/!db2949b4,HELTEC_V3,,,,,,Active,False,565.7732913163684
!ca8b8478,Meshtastic 8478,8478,Meshtastic 8478,34.0262912,-81.002496,95.0,"Columbia, South Carolina",MAP,,2026-06-30T17:00:24.107803,2026-06-30T21:00:24.352769,,2026-06-30T21:00:24.352769,2026-06-30T21:00:24.352769,,,"[""mqtt_map""]",3,0,0,0,mapreport,msh/US/2/map/,HW_96,,2.7.15.567b8ea,1,,,Active,False,97.70679060034612
!49b66628,WB2OGY-2,OGY2,WB2OGY-2,33.9935232,-84.04992,326.0,"Gwinnett County, Georgia",MAP,,2026-06-30T17:00:08.476757,2026-06-30T21:00:08.612981,,2026-06-30T21:00:08.612981,2026-06-30T21:00:08.612981,,,"[""mqtt_map""]",3,0,0,0,mapreport,msh/US/2/map/,HW_110,,2.7.15.567b8ea,1,,,Active,False,111.48999055630182
!433af158,City Lights Base,CLb,City Lights Base,34.5309184,-112.4532224,1778.0,"Yavapai County, Arizona",MAP,,2026-06-30T16:59:47.558991,2026-06-30T20:59:48.390213,,2026-06-30T20:59:48.390213,2026-06-30T20:59:48.390213,,,"[""mqtt_map""]",6,0,0,0,mapreport,msh/US/2/map/,HELTEC_V3,,2.5.19.f9876cf,1,,,Active,False,1701.3760371306355
!43b6a270,eigma4,eig4,eigma4,45.5180288,-73.580544,,"Montréal, Québec",MAP,,2026-06-30T16:59:38.416602,2026-06-30T20:59:39.206197,,2026-06-30T20:59:39.206197,2026-06-30T20:59:39.206197,,,"[""mqtt_map""]",6,0,0,0,mapreport,msh/US/2/map/,HELTEC_V3,,2.5.20.4c97351,1,,,Active,False,870.249158205149
!335c210c,mspin.net Base,mspb,mspin.net Base,47.60598,-122.30589,70.0,"Seattle, Washington",MAP,,2026-06-30T16:59:37.093927,2026-06-30T20:59:37.798039,,2026-06-30T20:59:37.798039,2026-06-30T20:59:37.798039,,,"[""mqtt_map""]",6,0,0,0,mapreport,msh/US/2/map/,HELTEC_V3,,2.6.4.b89355f,1,,,Active,False,2223.05966617345
!8fa79264,D003 MQTT Gateway - 9264,D003,D003 MQTT Gateway - 9264,32.702464,-97.0326016,175.0,"Grand Prairie, Texas",MAP,,2026-06-30T16:59:32.471655,2026-06-30T20:59:32.649379,,2026-06-30T20:59:32.649379,2026-06-30T20:59:32.649379,,,"[""mqtt_map""]",3,0,0,0,mapreport,msh/US/2/map/,HW_110,,2.7.24.472b14c,1,,,Active,False,852.9245392513005
!4358d01c,Nono-GRAY,🤖,Nono-GRAY,40.6454272,-74.3047168,29.0,"Cranford, New Jersey",MAP,,2026-06-30T16:59:22.473610,2026-06-30T20:59:23.001253,,2026-06-30T20:59:23.001253,2026-06-30T20:59:23.001253,,,"[""mqtt_map""]",3,0,0,0,mapreport,msh/US/2/map/,HELTEC_V3,,2.7.15.567b8ea,1,,,Active,False,595.7541679210565
!b03ccf1c,TheENGR_Heltec_1,i74,TheENGR_Heltec_1,41.549824,-90.5183232,,"Bettendorf, Iowa",MAP,,2026-06-30T16:58:50.356627,2026-06-30T20:58:50.733236,,2026-06-30T20:58:50.733236,2026-06-30T20:58:50.733236,,,"[""mqtt_map""]",6,0,0,0,mapreport,msh/US/2/map/,HELTEC_V3,,2.6.4.b89355f,1,,,Recent,False,638.719117348337
!02ee316c,Caldron,cldn,Caldron,39.9245312,-82.968576,234.0,"Columbus, Ohio",MQTT JSON,,2026-06-29T23:03:53.328421,2026-06-30T21:23:02.670710,2026-06-30T20:45:46.696030,2026-06-30T21:23:02.670710,,,,"[""mqtt_json""]",190,61,0,0,,msh/US/2/json/PKI/!02ee316c,HELTEC_V3,,,,,,Active,False,351.8546618315399
unknown,,,unknown,,,,,,,2026-06-29T22:57:58.344046,2026-06-30T21:20:02.199052,,2026-06-30T21:20:02.199052,2026-06-30T10:14:08.445507,,2026-06-30T21:20:02.118658,"[""mqtt_json"", ""mqtt_raw"", ""mqtt_map""]",28239,0,0,17,sendtext,msh/US/2/json/mqtt/!84048ab4,,,,,,,Active,False,
!88c46b62,,,!88c46b62,42.5197568,-71.2572928,50.0,"Bedford, Massachusetts",MQTT JSON,,2026-06-29T22:57:58.293612,2026-06-30T21:20:02.117338,2026-06-30T21:20:02.117338,2026-06-30T21:20:02.117338,,,,"[""mqtt_json"", ""mqtt_raw""]",28,18,0,0,position,msh/US/2/json/LongFast/!88c46b62,,,,,,,Active,False,799.6193867894767
!bfea70e2,,,!bfea70e2,32.506143,-83.633477,25.0,"Houston County, Georgia",MQTT JSON,,2026-06-29T22:57:58.243475,2026-06-30T21:20:02.115054,2026-06-30T21:20:02.115054,2026-06-30T21:20:02.115054,,,,"[""mqtt_json""]",21,17,0,0,position,msh/US/2/json/LongFast/!bfea70e2,,,,,,,Active,False,177.09343615561787
!433d19e4,NA0D Gateway LZmesh.com,NA0D,NA0D Gateway LZmesh.com,36.291307,-92.588751,238.0,"Flippin, Arkansas",MAP,,2026-06-30T16:46:11.365358,2026-06-30T21:20:02.134268,,2026-06-30T21:20:02.134268,2026-06-30T21:20:02.134268,,,"[""mqtt_map""]",7,0,0,0,mapreport,msh/US/2/map/,,,,,,,Active,False,581.2158859034907
!224c31c7,NoHope420card,420c,NoHope420card,45.0101248,-93.4019072,282.0,"New Hope, Minnesota",MAP,,2026-06-30T19:50:43.617041,2026-06-30T20:50:42.784128,,2026-06-30T20:50:42.784128,2026-06-30T20:50:42.784128,,,"[""mqtt_map""]",2,0,0,0,mapreport,msh/US/2/map/,RAK3172,1,2.7.15.567b8ea,1,,,Recent,False,910.7733573644299
!6985f18c,Derwood IPBase,DWIP,Derwood IPBase,39.1774208,-77.1096576,153.0,"Montgomery County, Maryland",MAP,,2026-06-30T16:49:26.006963,2026-06-30T20:49:26.137034,,2026-06-30T20:49:26.137034,2026-06-30T20:49:26.137034,,,"[""mqtt_map""]",2,0,0,0,mapreport,msh/US/2/map/,HW_110,,2.7.15.567b8ea,1,,,Recent,False,417.32039189542735
!db52837c,Rednoc Base 3,RNB3,Rednoc Base 3,36.7919104,-76.218368,17.0,"Chesapeake, Virginia",MAP,,2026-06-30T09:10:50.206977,2026-06-30T20:49:14.510295,,2026-06-30T20:49:14.510295,2026-06-30T20:49:14.510295,,,"[""mqtt_json"", ""mqtt_map""]",3,0,0,0,mapreport,msh/US/2/map/,HELTEC_V3,12,2.7.15.567b8ea,1,,,Recent,False,370.93172084980813
!433f129c,Meshtastic 129c,129c,Meshtastic 129c,46.7992576,-124.092416,7.0,"Grays Harbor County, Washington",MAP,,2026-06-30T16:48:51.553064,2026-06-30T20:48:51.995238,,2026-06-30T20:48:51.995238,2026-06-30T20:48:51.995238,,,"[""mqtt_map""]",2,0,0,0,mapreport,msh/US/2/map/,HELTEC_V3,,2.6.11.60ec05e,1,,,Recent,False,2299.288931993972
!16ced248,DJG2,🦖,DJG2,1e-07,35.454976,3408265216.0,"Tendeno/Sorget ward, Kericho",MQTT JSON,,2026-06-29T23:11:19.958648,2026-06-30T20:48:47.642512,2026-06-30T14:41:51.978834,2026-06-30T20:48:47.642512,2026-06-30T20:48:08.934665,,,"[""mqtt_json"", ""mqtt_map""]",38,5,0,0,nodeinfo,msh/US/2/json/LongFast/!16ced248,STATION_G2,,2.6.11.60ec05e,1,,,Recent,False,7775.93739702423
!02ed703c,SFF3 Base,SFF3,SFF3 Base,32.2699264,-80.9238528,6.0,"Bluffton, South Carolina",MAP,,2026-06-30T16:48:34.961086,2026-06-30T20:48:24.899237,,2026-06-30T20:48:24.899237,2026-06-30T20:48:24.899237,,,"[""mqtt_map""]",2,0,0,0,mapreport,msh/US/2/map/,HELTEC_V3,1,2.7.22.96dd647,1,,,Recent,False,197.49766065023468
!c145c092,Cyberdyne Labs 1 ,Lab1,Cyberdyne Labs 1 ,18.4352768,-66.486272,54.0,"Manatí, Puerto Rico",MAP,,2026-06-30T20:48:17.471083,2026-06-30T20:48:17.471083,,2026-06-30T20:48:17.471083,2026-06-30T20:48:17.471083,,,"[""mqtt_map""]",1,0,0,0,mapreport,msh/US/2/map/,HW_95,,2.7.15.567b8ea,1,,,Recent,False,1496.3155260969918
!02ec2184,KB0RXR-Meshtastic 2184,2184,KB0RXR-Meshtastic 2184,43.122688,-93.4019072,378.0,"Cerro Gordo County, Iowa",MAP,,2026-06-30T16:48:14.656265,2026-06-30T20:48:14.890051,,2026-06-30T20:48:14.890051,2026-06-30T20:48:14.890051,,,"[""mqtt_map""]",2,0,0,0,mapreport,msh/US/2/map/,HELTEC_V3,,2.7.21.1370b23,1,,,Recent,False,820.8451740693865
!69857500,Base ,BSE,Base ,30.113792,-91.8355968,11.0,"Saint Martin Parish, Louisiana",MAP,,2026-06-30T16:47:45.443252,2026-06-30T20:47:45.516624,,2026-06-30T20:47:45.516624,2026-06-30T20:47:45.516624,,,"[""mqtt_map""]",2,0,0,0,mapreport,msh/US/2/map/,HW_110,,2.7.15.567b8ea,1,,,Recent,False,639.8840511212383
!acaa775c,Froggy Home,FrGH,Froggy Home,29.8582016,-95.4466304,26.0,"Houston, Texas",MAP,,2026-06-30T16:47:43.606536,2026-06-30T20:47:43.683449,,2026-06-30T20:47:43.683449,2026-06-30T20:47:43.683449,,,"[""mqtt_map""]",2,0,0,0,mapreport,msh/US/2/map/,HELTEC_V3,1,2.7.15.567b8ea,1,,,Recent,False,835.4355037265152
!0142045f,Meshtastic 06e8,06e8,Meshtastic 06e8,48.5425152,-117.9058176,,"Colville, Washington",MQTT JSON,,2026-06-29T23:04:04.695389,2026-06-30T20:47:41.302625,2026-06-30T20:47:41.302625,2026-06-30T20:47:41.302625,,,,"[""mqtt_json"", ""mqtt_raw""]",34,19,0,0,position,msh/US/2/json/LongFast/!0142045f,HELTEC_V3,,,,,,Recent,False,2036.8459240355091
!69842ef4,📡 Blairton ,BRf4,📡 Blairton ,39.4395648,-77.922304,100.0,"Berkeley County, West Virginia",MAP,,2026-06-30T16:47:32.416285,2026-06-30T20:47:32.522313,,2026-06-30T20:47:32.522313,2026-06-30T20:47:32.522313,,,"[""mqtt_map""]",2,0,0,0,mapreport,msh/US/2/map/,HW_110,11,2.7.22.96dd647,1,,,Recent,False,401.2471907570165
!433ecfc0,Bangor Mesh,BNGR,Bangor Mesh,44.793856,-68.780032,70.0,"Bangor, Maine",MAP,,2026-06-30T16:47:16.377394,2026-06-30T20:47:16.520532,,2026-06-30T20:47:16.520532,2026-06-30T20:47:16.520532,,,"[""mqtt_map""]",2,0,0,0,mapreport,msh/US/2/map/,HELTEC_V3,,2.7.15.567b8ea,1,,,Recent,False,994.3163603333714
!433c6ac4,Rehoboth Base,Ray1,Rehoboth Base,41.877504,-71.2114176,59.0,"Rehoboth, Massachusetts",MAP,,2026-06-30T16:46:34.996580,2026-06-30T20:46:35.081211,,2026-06-30T20:46:35.081211,2026-06-30T20:46:35.081211,,,"[""mqtt_map""]",2,0,0,0,mapreport,msh/US/2/map/,HELTEC_V3,1,2.6.11.60ec05e,1,,,Recent,False,775.1311103669333
!087a6f5c,K0MVB Goodland MQTT Gateway,MQTT,K0MVB Goodland MQTT Gateway,40.1866752,-104.8313856,1471.0,"Weld County, Colorado",MQTT JSON,,2026-06-29T22:58:16.964433,2026-06-30T21:22:23.663815,2026-06-30T08:19:52.863600,2026-06-30T21:22:23.663815,,2026-06-30T21:22:23.663815,,"[""mqtt_json""]",94,3,58,0,telemetry,msh/US/2/json/LongFast/!087a6f5c,LILYGO_TBEAM_S3_CORE,,,,,,Active,False,1279.6518456790811
!db5289b4,Rednoc Base 1,RNB1,Rednoc Base 1,40.561545,-111.9844066,1441.0,"South Jordan, Utah",MQTT JSON,,2026-06-29T23:19:08.283709,2026-06-30T20:46:22.907752,2026-06-30T20:46:22.907752,2026-06-30T20:46:22.907752,2026-06-30T20:16:30.561259,,2026-06-30T09:15:03.536739,"[""mqtt_json"", ""mqtt_map""]",84,14,0,1,position,msh/US/2/json/Conder/!db5289b4,HELTEC_V3,12,2.7.15.567b8ea,1,,,Recent,False,1656.4597829707905
!69849d58,JHN1HV4,JHN1,JHN1HV4,40.108032,-75.0256128,61.0,"Philadelphia, Pennsylvania",MAP,,2026-06-30T20:45:57.192290,2026-06-30T20:45:57.192290,,2026-06-30T20:45:57.192290,2026-06-30T20:45:57.192290,,,"[""mqtt_map""]",1,0,0,0,mapreport,msh/US/2/map/,HW_110,12,2.7.15.567b8ea,1,,,Recent,False,542.8458666908322
!da65a4f8,"AZCWR ""Repeater"" 1",CWR1,"AZCWR ""Repeater"" 1",32.1716224,-110.8148224,852.0,"Tucson, Arizona",MAP,,2026-06-30T20:45:56.364947,2026-06-30T20:45:56.364947,,2026-06-30T20:45:56.364947,2026-06-30T20:45:56.364947,,,"[""mqtt_map""]",1,0,0,0,mapreport,msh/US/2/map/,HELTEC_V3,11,2.6.11.60ec05e,1,,,Recent,False,1642.2137844926287
!acaac5a4,hht base,hht0,hht base,40.8027136,-73.4134272,44.0,"Town of Huntington, New York",MAP,,2026-06-30T20:44:42.519479,2026-06-30T20:44:42.519479,,2026-06-30T20:44:42.519479,2026-06-30T20:44:42.519479,,,"[""mqtt_map""]",1,0,0,0,mapreport,msh/US/2/map/,HELTEC_V3,12,2.7.15.567b8ea,1,,,Recent,False,639.0889628124322
!435b08b0,asm beam,asm,asm beam,37.5652352,-122.4998912,63.0,"San Mateo County, California",MAP,,2026-06-30T20:44:02.080260,2026-06-30T20:44:02.080260,,2026-06-30T20:44:02.080260,2026-06-30T20:44:02.080260,,,"[""mqtt_map""]",1,0,0,0,mapreport,msh/US/2/map/,HELTEC_V1,12,2.7.15.567b8ea,1,,,Recent,False,2226.833762686493
!9e780df4,Meshtastic 0df4,0df4,Meshtastic 0df4,28.1411584,-82.3263232,21.0,"Tampa, Florida",MAP,,2026-06-30T20:43:36.009771,2026-06-30T20:43:36.009771,,2026-06-30T20:43:36.009771,2026-06-30T20:43:36.009771,,,"[""mqtt_map""]",1,0,0,0,mapreport,msh/US/2/map/,HELTEC_V3,,2.7.15.567b8ea,1,,,Recent,False,463.7380786053204
!04397368,KB3HJC-bbs,BBS,KB3HJC-bbs,41.8558738,-77.4839636,537.0,"Clymer Township, Pennsylvania",MQTT JSON,,2026-06-29T23:00:14.761972,2026-06-30T20:43:35.493393,2026-06-30T20:43:35.493393,2026-06-30T20:43:35.493393,,,,"[""mqtt_json""]",65,40,0,0,position,msh/US/2/json/private1/!04397368,HELTEC_V3,,,,,,Recent,False,551.952131133507
!dd2680e7,Rak Roof Bot KD2QED,roof,Rak Roof Bot KD2QED,39.387136,-74.6717184,17.0,"Egg Harbor Township, New Jersey",MAP,,2026-06-30T20:29:33.480625,2026-06-30T20:43:13.666489,,2026-06-30T20:43:13.666489,2026-06-30T20:43:13.666489,,,"[""mqtt_map""]",4,0,0,0,mapreport,msh/US/2/map/,TLORA_V1_3,,2.7.24.472b14c,1,,,Recent,False,528.0286064531174
!9e754d1c,S@br3,F86,S@br3,32.964608,-96.2985984,162.0,"Royse City, Texas",MQTT JSON,,2026-06-30T00:43:25.118688,2026-06-30T20:42:46.217217,2026-06-30T07:24:07.194496,2026-06-30T20:42:46.217217,2026-06-30T20:42:46.217217,,,"[""mqtt_json"", ""mqtt_map""]",9,1,0,0,mapreport,msh/US/2/map/,HELTEC_V3,,2.7.15.567b8ea,1,,,Recent,False,807.2470800082614
!433cb760,Chickasaw b760,CKSW,Chickasaw b760,35.1141888,-89.9547136,85.0,"Memphis, Tennessee",MAP,,2026-06-30T20:42:26.828627,2026-06-30T20:42:26.828627,,2026-06-30T20:42:26.828627,2026-06-30T20:42:26.828627,,,"[""mqtt_map""]",1,0,0,0,mapreport,msh/US/2/map/,HELTEC_V3,,2.5.14.f2ee0df0,1,,,Recent,False,428.29082360652905
!69824d60,South Mt North East,SMNE,South Mt North East,33.3774848,-111.9944704,384.0,"Phoenix, Arizona",MAP,,2026-06-30T20:42:16.056989,2026-06-30T20:42:16.056989,,2026-06-30T20:42:16.056989,2026-06-30T20:42:16.056989,,,"[""mqtt_map""]",1,0,0,0,mapreport,msh/US/2/map/,HW_110,,2.7.15.567b8ea,1,,,Recent,False,1690.199549756943
!ca94fab5,N6GVG H2t gray fab5,fab5,N6GVG H2t gray fab5,37.02784,-76.4280832,21.0,"Hampton, Virginia",MAP,,2026-06-30T20:42:05.273618,2026-06-30T20:42:05.273618,,2026-06-30T20:42:05.273618,2026-06-30T20:42:05.273618,,,"[""mqtt_map""]",1,0,0,0,mapreport,msh/US/2/map/,SENSECAP_INDICATOR,,2.7.15.567b8ea,1,,,Recent,False,365.92391741554076
!da622dac,Mazinaw2001,Maz2,Mazinaw2001,26.7517952,-81.9068928,10.0,"Lee County, Florida",MAP,,2026-06-30T20:41:42.022397,2026-06-30T20:41:42.022397,,2026-06-30T20:41:42.022397,2026-06-30T20:41:42.022397,,,"[""mqtt_map""]",1,0,0,0,mapreport,msh/US/2/map/,HELTEC_V3,12,2.7.15.567b8ea,1,,,Recent,False,560.46125262598
!1ba59acc,ShhStation 🚆,🚆,ShhStation 🚆,,,,,,,2026-06-29T23:10:46.916398,2026-06-30T21:26:06.484217,,2026-06-30T21:26:06.484217,,,2026-06-30T11:09:55.531532,"[""mqtt_json""]",90,0,0,3,,msh/US/2/json/CentralNJ/!1ba59acc,HW_110,,,,,,Active,False,
!6910bf9c,Trekk11_ WBase,TK11,Trekk11_ WBase,,,,,,,2026-06-29T23:02:34.764495,2026-06-30T20:41:06.047933,,2026-06-30T20:41:06.047933,,,,"[""mqtt_json""]",27,0,0,0,traceroute,msh/US/2/json/CentralNJ/!6910bf9c,HW_81,,,,,,Recent,False,
!e22e90ad,TI5LUA,ECO4,TI5LUA,10.027008,-84.1875456,950.0,"Desamparados, Alajuela",MAP,,2026-06-30T20:36:16.643458,2026-06-30T20:36:16.643458,,2026-06-30T20:36:16.643458,2026-06-30T20:36:16.643458,,,"[""mqtt_map""]",1,0,0,0,mapreport,msh/US/2/map/,HW_105,,2.7.15.567b8ea,1,,,Recent,False,1719.030810948257
!4b7a3d7a,AJ Aerial,aja,AJ Aerial,42.6508288,-71.4866688,87.0,"Dunstable, Massachusetts",MAP,,2026-06-30T20:36:15.193934,2026-06-30T20:36:15.193934,,2026-06-30T20:36:15.193934,2026-06-30T20:36:15.193934,,,"[""mqtt_map""]",1,0,0,0,mapreport,msh/US/2/map/,TLORA_V1_3,12,2.7.15.567b8ea,1,,,Recent,False,796.0976420247566
!9e759d80,Linc2Node0,L2N0,Linc2Node0,40.3177472,-74.9207552,65.0,"Upper Makefield Township, Pennsylvania",MAP,,2026-06-30T20:36:06.292757,2026-06-30T20:36:06.292757,,2026-06-30T20:36:06.292757,2026-06-30T20:36:06.292757,,,"[""mqtt_map""]",1,0,0,0,mapreport,msh/US/2/map/,HELTEC_V3,12,2.7.19.bb3d6d5,1,,,Recent,False,556.3998247807762
!107b9489,Solar Base Indy/Lora,9489,Solar Base Indy/Lora,30.6315264,-90.4265728,36.0,"Tangipahoa Parish, Louisiana",MAP,,2026-06-30T20:36:03.377107,2026-06-30T20:36:03.377107,,2026-06-30T20:36:03.377107,2026-06-30T20:36:03.377107,,,"[""mqtt_map""]",1,0,0,0,mapreport,msh/US/2/map/,TLORA_V1_3,12,2.7.15.567b8ea,1,,,Recent,False,550.1425823785278
!849a8e18,Solarpunk Greenhouse KC,SPGH,Solarpunk Greenhouse KC,38.8825088,-94.5225728,267.0,"Grandview, Missouri",MAP,,2026-06-30T20:23:59.294824,2026-06-30T21:24:00.409814,,2026-06-30T21:24:00.409814,2026-06-30T21:24:00.409814,2026-06-30T20:35:42.233768,,"[""mqtt_map"", ""mqtt_json""]",3,0,1,0,mapreport,msh/US/2/map/,HELTEC_V3,12,2.7.15.567b8ea,1,,,Active,False,725.1924160261823
!1de932a8,TQMT-MattTNode19Ward,ank0,TQMT-MattTNode19Ward,43.1423488,-77.6536064,159.0,"City of Rochester, New York",MAP,,2026-06-30T20:34:32.611385,2026-06-30T20:34:32.611385,,2026-06-30T20:34:32.611385,2026-06-30T20:34:32.611385,,,"[""mqtt_map""]",1,0,0,0,mapreport,msh/US/2/map/,HW_81,1,2.7.23.2768080,1,,,Recent,False,626.5093111227512
!3456aec7,WASMA Covington WA,WSMA,WASMA Covington WA,47.3694208,-122.0804608,146.0,"Covington, Washington",MQTT JSON,,2026-06-30T20:34:27.886493,2026-06-30T21:25:44.197719,2026-06-30T21:25:44.197719,2026-06-30T21:25:44.197719,2026-06-30T20:34:27.886493,,,"[""mqtt_map"", ""mqtt_json""]",8,6,0,0,position,msh/US/2/json/LongFast/!69842154,TLORA_V1_3,2,2.7.15.567b8ea,1,,,Active,False,2210.232013084672
!32636dc4,LoRaPi,LRPi,LoRaPi,41.4711808,-72.0896,48.0,"Montville, Connecticut",MAP,,2026-06-30T20:34:18.470020,2026-06-30T20:34:18.470020,,2026-06-30T20:34:18.470020,2026-06-30T20:34:18.470020,,,"[""mqtt_map""]",1,0,0,0,mapreport,msh/US/2/map/,PORTDUINO,,2.7.15,1,,,Recent,False,721.9333104991583
!433e5b9c,RiverShack,5b9c,RiverShack,34.701312,-82.4639488,243.0,"Anderson County, South Carolina",MAP,,2026-06-30T20:34:04.128894,2026-06-30T20:34:04.128894,,2026-06-30T20:34:04.128894,2026-06-30T20:34:04.128894,,,"[""mqtt_map""]",1,0,0,0,mapreport,msh/US/2/map/,HELTEC_V3,,2.7.15.567b8ea,1,,,Recent,True,11.181522788262713
!acab8a78,GCoFairgrounds,8a78,GCoFairgrounds,33.921102,-83.9879009,308.0,"Gwinnett County, Georgia",MQTT JSON,,2026-06-30T00:35:10.356602,2026-06-30T20:33:36.109806,2026-06-30T15:40:01.104800,2026-06-30T20:33:36.109806,2026-06-30T20:33:36.109806,,,"[""mqtt_json"", ""mqtt_map""]",10,2,0,0,mapreport,msh/US/2/map/,HELTEC_V3,2,2.7.15.567b8ea,1,,,Recent,False,111.36206412758794
!9e779f6c,ever-lgnd-96,eVer,ever-lgnd-96,49.1388928,-122.748928,32.0,"Surrey, British Columbia",MAP,,2026-06-30T20:33:34.467780,2026-06-30T20:33:34.467780,,2026-06-30T20:33:34.467780,2026-06-30T20:33:34.467780,,,"[""mqtt_map""]",1,0,0,0,mapreport,msh/US/2/map/,HELTEC_V3,,2.7.18.fb3bf78,1,,,Recent,False,2260.7440488472475
!02ed7260,Roulette Bulletin Board,RBBS,Roulette Bulletin Board,41.7792,-78.15168,478.0,"Roulette Township, Pennsylvania",MAP,,2026-06-30T20:33:04.182846,2026-06-30T20:33:04.182846,,2026-06-30T20:33:04.182846,2026-06-30T20:33:04.182846,,,"[""mqtt_map""]",1,0,0,0,mapreport,msh/US/2/map/,HELTEC_V3,,2.7.15.567b8ea,1,,,Recent,False,530.794813391614
!1ba14448,Meshtastic 4448,4448,Meshtastic 4448,44.0467456,-88.63744,250.0,"Town of Algoma, Wisconsin",MAP,,2026-06-30T20:32:32.617555,2026-06-30T20:32:32.617555,,2026-06-30T20:32:32.617555,2026-06-30T20:32:32.617555,,,"[""mqtt_map""]",1,0,0,0,mapreport,msh/US/2/map/,HW_110,,2.7.15.567b8ea,1,,,Recent,False,716.7638554212795
!f66a7110,Cheshire Base,⭐,Cheshire Base,42.565632,-73.170944,,"Cheshire, Massachusetts",MAP,,2026-06-30T20:32:28.251299,2026-06-30T20:32:28.251299,,2026-06-30T20:32:28.251299,2026-06-30T20:32:28.251299,,,"[""mqtt_map""]",1,0,0,0,mapreport,msh/US/2/map/,HW_110,12,2.7.15.567b8ea,1,,,Recent,False,728.0012089917491
!8fa75024,Meshtastic gmu3,gmu3,Meshtastic gmu3,40.6061056,-74.1605376,13.0,"New York, New York",MAP,,2026-06-30T20:30:38.044807,2026-06-30T20:30:38.044807,,2026-06-30T20:30:38.044807,2026-06-30T20:30:38.044807,,,"[""mqtt_map""]",1,0,0,0,mapreport,msh/US/2/map/,HW_110,,2.7.26.54e0d8d,1,,,Recent,False,599.8903231276654
!699c09c0,NightHawk HV4,NHV4,NightHawk HV4,32.9515008,-96.4952064,146.0,"Dallas, Texas",MAP,,2026-06-30T20:30:10.020772,2026-06-30T20:30:10.020772,,2026-06-30T20:30:10.020772,2026-06-30T20:30:10.020772,,,"[""mqtt_map""]",1,0,0,0,mapreport,msh/US/2/map/,HW_110,12,2.7.15.567b8ea,1,,,Recent,False,818.5530380337204
!1ba2b6e8,Meshtastic gmu1,gmu1,Meshtastic gmu1,40.6061056,-74.1605376,4.0,"New York, New York",MAP,,2026-06-30T20:30:02.570607,2026-06-30T20:30:02.570607,,2026-06-30T20:30:02.570607,2026-06-30T20:30:02.570607,,,"[""mqtt_map""]",1,0,0,0,mapreport,msh/US/2/map/,HW_110,,2.7.15.567b8ea,1,,,Recent,False,599.8903231276654
!bd4facd0,pcwfreehold.com,PCW,pcwfreehold.com,40.2194432,-74.2719488,,"Freehold Township, New Jersey",MAP,,2026-06-30T20:30:01.588761,2026-06-30T20:30:01.588761,,2026-06-30T20:30:01.588761,2026-06-30T20:30:01.588761,,,"[""mqtt_map""]",1,0,0,0,mapreport,msh/US/2/map/,HELTEC_V3,1,2.6.11.60ec05e,1,,,Recent,False,578.7996317959844
!36687ee7,Meshtastic 7ee7,7ee7,Meshtastic 7ee7,36.0579072,-95.9053824,244.0,"Tulsa, Oklahoma",MAP,,2026-06-30T20:30:00.027407,2026-06-30T20:30:00.027407,,2026-06-30T20:30:00.027407,2026-06-30T20:30:00.027407,,,"[""mqtt_map""]",1,0,0,0,mapreport,msh/US/2/map/,TBEAM_V0P7,,2.7.15.567b8ea,1,,,Recent,False,764.3661376521311
!f96aa0b4,Home-JG,a0b4,Home-JG,46.596096,-120.4420608,388.0,"Yakima County, Washington",MAP,,2026-06-30T20:29:48.845748,2026-06-30T20:29:48.845748,,2026-06-30T20:29:48.845748,2026-06-30T20:29:48.845748,,,"[""mqtt_map""]",1,0,0,0,mapreport,msh/US/2/map/,TBEAM,,2.7.15.567b8ea,1,,,Recent,False,2125.92880414223
!6982b300,GRB Attic node,GRB ,GRB Attic node,44.5054976,-87.9296512,216.0,"Green Bay, Wisconsin",MAP,,2026-06-30T20:29:48.386591,2026-06-30T20:29:48.386591,,2026-06-30T20:29:48.386591,2026-06-30T20:29:48.386591,,,"[""mqtt_map""]",1,0,0,0,mapreport,msh/US/2/map/,HW_110,12,2.7.15.567b8ea,1,,,Recent,False,728.5809058688913
!f66f6554,GrnV-Heltec,6554,GrnV-Heltec,40.697856,-74.0950016,10.0,"Jersey City, New Jersey",MAP,,2026-06-30T20:28:55.796011,2026-06-30T20:28:55.796011,,2026-06-30T20:28:55.796011,2026-06-30T20:28:55.796011,,,"[""mqtt_map""]",1,0,0,0,mapreport,msh/US/2/map/,HW_110,12,2.7.15.567b8ea,1,,,Recent,False,606.5489456053276
!0406c814,node.mesh01@gmail.com - Capreol,HB01,node.mesh01@gmail.com - Capreol,46.6878464,-80.9238528,312.0,"Greater Sudbury, Ontario",MAP,,2026-06-30T20:28:44.732451,2026-06-30T20:28:44.732451,,2026-06-30T20:28:44.732451,2026-06-30T20:28:44.732451,,,"[""mqtt_map""]",1,0,0,0,mapreport,msh/US/2/map/,HELTEC_V3,,2.7.15.567b8ea,1,,,Recent,False,821.3146008621388
!9af961db,Pavement Ends HQ,PEHQ,Pavement Ends HQ,48.9816064,-122.093568,19.0,"Whatcom County, Washington",MAP,,2026-06-30T20:28:42.085164,2026-06-30T20:28:42.085164,,2026-06-30T20:28:42.085164,2026-06-30T20:28:42.085164,,,"[""mqtt_map""]",1,0,0,0,mapreport,msh/US/2/map/,SENSECAP_INDICATOR,,2.7.15.567b8ea,1,,,Recent,False,2229.5662478378326
!1ba6219c,Node Hard And Put Up Net,DNtz,Node Hard And Put Up Net,,,,,,,2026-06-30T20:00:21.196086,2026-06-30T20:28:40.925703,,2026-06-30T20:28:40.925703,,,,"[""mqtt_json""]",2,0,0,0,,msh/US/2/json/LongFast/!1ba6219c,HW_110,,,,,,Recent,False,
!849b5c00,Maple 🏳️‍⚧️,MPLE,Maple 🏳️‍⚧️,41.254912,-76.9982464,170.0,"Williamsport, Pennsylvania",MAP,,2026-06-30T20:28:32.691822,2026-06-30T20:28:32.691822,,2026-06-30T20:28:32.691822,2026-06-30T20:28:32.691822,,,"[""mqtt_map""]",1,0,0,0,mapreport,msh/US/2/map/,HELTEC_V3,12,2.7.15.567b8ea,1,,,Recent,False,530.6472138036797
!335d8d1c,CaddoRanch,CRB,CaddoRanch,33.0825728,-96.206848,162.0,"Hunt County, Texas",MAP,,2026-06-30T20:28:29.277345,2026-06-30T20:28:29.277345,,2026-06-30T20:28:29.277345,2026-06-30T20:28:29.277345,,,"[""mqtt_map""]",1,0,0,0,mapreport,msh/US/2/map/,HELTEC_V3,12,2.7.15.567b8ea,1,,,Recent,False,800.2491221693754
!b3b22b9a,Jim 2b9a,2b9a,Jim 2b9a,38.0239872,-121.962496,100.0,"Pittsburg, California",MAP,,2026-06-30T20:28:27.860409,2026-06-30T20:28:27.860409,,2026-06-30T20:28:27.860409,2026-06-30T20:28:27.860409,,,"[""mqtt_map""]",1,0,0,0,mapreport,msh/US/2/map/,SENSECAP_INDICATOR,,2.7.25.104df5f,1,,,Recent,False,2193.8041185950433
!49b6732c,KK4EB,EB1,KK4EB,46.5698816,-63.7140992,-1.0,"Prince County, Prince Edward Island",MAP,,2026-06-30T20:28:26.868996,2026-06-30T20:28:26.868996,,2026-06-30T20:28:26.868996,2026-06-30T20:28:26.868996,,,"[""mqtt_map""]",1,0,0,0,mapreport,msh/US/2/map/,HW_110,,2.7.15.567b8ea,1,,,Recent,False,1264.1951830742905
!24833167,Frey's PI Zero,FrPi,Frey's PI Zero,42.7425792,-87.8051328,,"Racine, Wisconsin",MAP,,2026-06-30T20:28:13.468490,2026-06-30T20:28:13.468490,,2026-06-30T20:28:13.468490,2026-06-30T20:28:13.468490,,,"[""mqtt_map""]",1,0,0,0,mapreport,msh/US/2/map/,PORTDUINO,,2.7.15,1,,,Recent,False,617.7994533439905
!a6964534,Beaver Dam 44,Damn,Beaver Dam 44,43.4372608,-88.8406016,267.0,"Town of Beaver Dam, Wisconsin",MAP,,2026-06-30T20:28:11.130007,2026-06-30T20:28:11.130007,,2026-06-30T20:28:11.130007,2026-06-30T20:28:11.130007,,,"[""mqtt_map""]",1,0,0,0,mapreport,msh/US/2/map/,HW_110,,2.7.15.567b8ea,1,,,Recent,False,685.8879136492224
!9e754148,SAPBase,SAP,SAPBase,39.1643136,-95.0534144,275.0,"Leavenworth County, Kansas",MAP,,2026-06-30T20:27:50.268373,2026-06-30T20:27:50.268373,,2026-06-30T20:27:50.268373,2026-06-30T20:27:50.268373,,,"[""mqtt_map""]",1,0,0,0,mapreport,msh/US/2/map/,HELTEC_V3,,2.7.15.567b8ea,1,,,Recent,False,758.4753935093961
!db51abe4,Watson 24,Wa24,Watson 24,30.572544,-90.9443072,33.0,"Livingston Parish, Louisiana",MAP,,2026-06-30T20:27:36.873851,2026-06-30T20:27:36.873851,,2026-06-30T20:27:36.873851,2026-06-30T20:27:36.873851,,,"[""mqtt_map""]",1,0,0,0,mapreport,msh/US/2/map/,HELTEC_V3,12,2.6.11.60ec05e,1,,,Recent,False,578.053219837487
!69841e0c,KM4SWL Base,SWLB,KM4SWL Base,34.013184,-84.0040448,310.0,"Gwinnett County, Georgia",MAP,,2026-06-30T20:27:30.318403,2026-06-30T20:27:30.318403,,2026-06-30T20:27:30.318403,2026-06-30T20:27:30.318403,,,"[""mqtt_map""]",1,0,0,0,mapreport,msh/US/2/map/,HW_110,12,2.7.15.567b8ea,1,,,Recent,False,108.54482343586865
!bdbf3624,Meshtastic 3624,3624,Meshtastic 3624,33.8362368,-118.3776768,52.0,"Redondo Beach, California",MAP,,2026-06-30T20:27:08.546445,2026-06-30T20:27:08.546445,,2026-06-30T20:27:08.546445,2026-06-30T20:27:08.546445,,,"[""mqtt_map""]",1,0,0,0,mapreport,msh/US/2/map/,HW_96,,2.7.15.567b8ea,1,,,Recent,False,2042.9347877292357
!04c677d0,Buddy 3 Base KD3DGG,BDY3,Buddy 3 Base KD3DGG,40.5536768,-79.6655616,327.0,"Upper Burrell Township, Pennsylvania",MAP,,2026-06-30T20:27:08.089866,2026-06-30T20:27:08.089866,,2026-06-30T20:27:08.089866,2026-06-30T20:27:08.089866,,,"[""mqtt_map""]",1,0,0,0,mapreport,msh/US/2/map/,HW_110,12,2.7.15.567b8ea,1,,,Recent,False,421.14110106753594
!04c59ff4,WB2OGY-1,ogy1,WB2OGY-1,33.9869696,-84.0564736,323.0,"Gwinnett County, Georgia",MAP,,2026-06-30T20:26:55.570776,2026-06-30T20:26:55.570776,,2026-06-30T20:26:55.570776,2026-06-30T20:26:55.570776,,,"[""mqtt_map""]",1,0,0,0,mapreport,msh/US/2/map/,HW_110,12,2.7.15.567b8ea,1,,,Recent,False,112.05049866762612
!1ba29468,Meshtastic 9468,9468,Meshtastic 9468,38.1943808,-84.54144,274.0,"Scott County, Kentucky",MAP,,2026-06-30T20:26:11.964417,2026-06-30T20:26:11.964417,,2026-06-30T20:26:11.964417,2026-06-30T20:26:11.964417,,,"[""mqtt_map""]",1,0,0,0,mapreport,msh/US/2/map/,HW_110,,2.7.24.472b14c,1,,,Recent,False,259.84541232970395
!3ad0f59e,Backup Green,Bu-G,Backup Green,42.1658624,-71.8667776,116.0,"Auburn, Massachusetts",MAP,,2026-06-30T20:26:03.953412,2026-06-30T21:26:04.214729,,2026-06-30T21:26:04.214729,2026-06-30T21:26:04.214729,,,"[""mqtt_map""]",2,0,0,0,mapreport,msh/US/2/map/,SENSECAP_INDICATOR,,2.7.15.567b8ea,1,,,Active,False,760.0377662017721
!0400d954,ZOMB-1,ZMB1,ZOMB-1,41.5760384,-72.2993152,145.0,"Colchester, Connecticut",MAP,,2026-06-30T20:26:01.407120,2026-06-30T21:26:01.452965,,2026-06-30T21:26:01.452965,2026-06-30T21:26:01.452965,,,"[""mqtt_map""]",2,0,0,0,mapreport,msh/US/2/map/,HELTEC_V3,,2.7.15.567b8ea,1,,,Active,False,717.5248061167672
!5ced30b7,Knossos,ZWB,Knossos,40.5143552,-104.9755648,1467.0,"Larimer County, Colorado",MAP,,2026-06-30T20:25:44.863514,2026-06-30T21:25:45.284625,,2026-06-30T21:25:45.284625,2026-06-30T21:25:45.284625,,,"[""mqtt_map""]",2,0,0,0,mapreport,msh/US/2/map/,SENSECAP_INDICATOR,,2.7.15.567b8ea,1,,,Active,False,1291.055484819683
!591f7a95,W6NCU,6NCU,W6NCU,34.144256,-118.0827648,212.0,"Pasadena, California",MAP,,2026-06-30T20:25:34.534911,2026-06-30T21:25:34.658603,,2026-06-30T21:25:34.658603,2026-06-30T21:25:34.658603,,,"[""mqtt_map""]",2,0,0,0,mapreport,msh/US/2/map/,HW_99,,2.7.24.472b14c,1,,,Active,False,2021.9922015218337
!75cebdec,Meshtastic bdec,GNR1,Meshtastic bdec,39.5116544,-84.246528,267.0,"Warren County, Ohio",MAP,,2026-06-30T20:25:29.779072,2026-06-30T21:25:29.907649,,2026-06-30T21:25:29.907649,2026-06-30T21:25:29.907649,,,"[""mqtt_map""]",2,0,0,0,mapreport,msh/US/2/map/,HELTEC_V3,,2.7.15.567b8ea,1,,,Active,False,337.65636746973
!75ced6e4,Meshtastic d6e4,GNR2,Meshtastic d6e4,39.5116544,-84.246528,264.0,"Warren County, Ohio",MAP,,2026-06-30T20:25:18.188054,2026-06-30T21:25:18.297868,,2026-06-30T21:25:18.297868,2026-06-30T21:25:18.297868,,,"[""mqtt_map""]",2,0,0,0,mapreport,msh/US/2/map/,HELTEC_V3,,2.7.15.567b8ea,1,,,Active,False,337.65636746973
!acab77f0,blaze it,herb,blaze it,30.2907392,-89.45664,3.0,"Hancock County, Mississippi",MAP,,2026-06-30T20:24:33.356580,2026-06-30T21:24:33.349204,,2026-06-30T21:24:33.349204,2026-06-30T21:24:33.349204,,,"[""mqtt_map""]",2,0,0,0,mapreport,msh/US/2/map/,HELTEC_V3,,2.7.15.567b8ea,1,,,Active,False,517.8834486774875
!acaabed4,Meshtastic bed4,bed4,Meshtastic bed4,39.0529024,-76.6967808,48.0,"Glen Burnie, Maryland",MAP,,2026-06-30T20:24:20.688730,2026-06-30T21:24:20.721100,,2026-06-30T21:24:20.721100,2026-06-30T21:24:20.721100,,,"[""mqtt_map""]",2,0,0,0,mapreport,msh/US/2/map/,HELTEC_V3,,2.7.15.567b8ea,1,,,Active,False,427.8233009906831
!a67a5c12,Meshtastic 5c12,5c12,Meshtastic 5c12,41.1303936,-73.8459648,83.0,"Village of Briarcliff Manor, New York",MAP,,2026-06-30T20:24:20.430747,2026-06-30T21:24:20.743375,,2026-06-30T21:24:20.743375,2026-06-30T21:24:20.743375,,,"[""mqtt_map""]",2,0,0,0,mapreport,msh/US/2/map/,TLORA_V1_3,,2.7.15.567b8ea,1,,,Active,False,635.6417020666867
!ba6a829c,CrNet Hub,CrHb,CrNet Hub,40.828928,-73.1250688,25.0,"Town of Smithtown, New York",MAP,,2026-06-30T20:24:15.560544,2026-06-30T21:24:15.570533,,2026-06-30T21:24:15.570533,2026-06-30T21:24:15.570533,,,"[""mqtt_map""]",2,0,0,0,mapreport,msh/US/2/map/,HELTEC_V3,,2.6.11.60ec05e,1,,,Active,False,652.2570928891348
!9e779e80,RM2-02,RM2,RM2-02,18.3894016,-65.9685376,6.0,"Carolina, Puerto Rico",MAP,,2026-06-30T20:23:44.577872,2026-06-30T21:23:43.159013,,2026-06-30T21:23:43.159013,2026-06-30T21:23:43.159013,,,"[""mqtt_map""]",2,0,0,0,mapreport,msh/US/2/map/,HELTEC_V3,,2.7.15.567b8ea,1,,,Active,False,1519.6754611046515
!9778cfb5,Red_14 Solar Roof Node ,cfb5,Red_14 Solar Roof Node ,35.2518144,-93.1332096,140.0,"Russellville, Arkansas",MAP,,2026-06-30T20:23:43.452174,2026-06-30T21:23:43.811128,,2026-06-30T21:23:43.811128,2026-06-30T21:23:43.811128,,,"[""mqtt_map""]",2,0,0,0,mapreport,msh/US/2/map/,TLORA_V1_3,12,2.7.15.567b8ea,1,,,Active,False,607.765105713041
!819cdc04,jk mobile L1,jkml,jk mobile L1,44.957696,-91.4096128,271.0,"Town of Tilden, Wisconsin",MAP,,2026-06-30T20:23:24.938666,2026-06-30T21:23:25.007241,,2026-06-30T21:23:25.007241,2026-06-30T21:23:25.007241,,,"[""mqtt_map""]",2,0,0,0,mapreport,msh/US/2/map/,HW_99,,2.7.15.567b8ea,1,,,Active,False,844.8649022020836
!433ef57c,KA4NQS f57c,fid,KA4NQS f57c,25.8277376,-80.2750464,4.0,"Hialeah, Florida",MAP,,2026-06-30T20:22:51.225690,2026-06-30T21:22:51.327692,,2026-06-30T21:22:51.327692,2026-06-30T21:22:51.327692,,,"[""mqtt_map""]",2,0,0,0,mapreport,msh/US/2/map/,HELTEC_V3,,2.7.15.567b8ea,1,,,Active,False,636.1848431994106
!02e60b38,Dim+Kolt mesh,Boys,Dim+Kolt mesh,42.2838272,-83.492864,175.0,"Canton Township, Michigan",MAP,,2026-06-30T20:22:48.900572,2026-06-30T20:22:48.900572,,2026-06-30T20:22:48.900572,2026-06-30T20:22:48.900572,,,"[""mqtt_map""]",1,0,0,0,mapreport,msh/US/2/map/,HELTEC_V3,,2.7.15.567b8ea,1,,,Recent,False,516.860226972771
!a2e9d908,Systron base,7MCG,Systron base,26.6207232,-81.9593216,25.0,"Cape Coral, Florida",MAP,,2026-06-30T20:22:26.238094,2026-06-30T21:22:26.352204,,2026-06-30T21:22:26.352204,2026-06-30T21:22:26.352204,,,"[""mqtt_map""]",2,0,0,0,mapreport,msh/US/2/map/,STATION_G2,12,2.7.25.104df5f,1,,,Active,False,569.3575160939564
!02ecc330,pjo Meshtastic c330,pjo,pjo Meshtastic c330,34.4326144,-119.8915584,47.0,"Goleta, California",MAP,,2026-06-30T20:22:13.311896,2026-06-30T21:22:13.486367,,2026-06-30T21:22:13.486367,2026-06-30T21:22:13.486367,,,"[""mqtt_map""]",2,0,0,0,mapreport,msh/US/2/map/,HELTEC_V3,,2.7.15.567b8ea,1,,,Active,False,2119.088506188021
!04093788,N-Office_v3,6742,N-Office_v3,38.99392,-121.1236352,416.0,"Placer County, California",MAP,,2026-06-30T20:22:07.164863,2026-06-30T21:22:07.171372,,2026-06-30T21:22:07.171372,2026-06-30T21:22:07.171372,,,"[""mqtt_map""]",2,0,0,0,mapreport,msh/US/2/map/,HELTEC_WSL_V3,,2.7.15.567b8ea,1,,,Active,False,2142.1181870240357
!040825c0,PDG MQTT Gateway,PDG0,PDG MQTT Gateway,41.4711808,-72.2993152,107.0,"Salem, Connecticut",MAP,,2026-06-30T20:21:59.301402,2026-06-30T21:21:59.296483,,2026-06-30T21:21:59.296483,2026-06-30T21:21:59.296483,,,"[""mqtt_map""]",2,0,0,0,mapreport,msh/US/2/map/,HELTEC_V3,,2.7.15.567b8ea,1,,,Active,False,713.1811712951173
!043add08,SilverLake-Gateway,SLG,SilverLake-Gateway,42.5590784,-88.1721344,230.0,"Salem Lakes, Wisconsin",MAP,,2026-06-30T20:21:50.597661,2026-06-30T21:21:50.599512,,2026-06-30T21:21:50.599512,2026-06-30T21:21:50.599512,,,"[""mqtt_map""]",2,0,0,0,mapreport,msh/US/2/map/,HELTEC_V3,,2.7.15.567b8ea,1,,,Active,False,616.5459368983015
!04094258,BlobBase,🏘,BlobBase,46.3863808,-72.5745664,36.0,"Trois-Rivières, Québec",MAP,,2026-06-30T20:21:47.908386,2026-06-30T21:21:47.954195,,2026-06-30T21:21:47.954195,2026-06-30T21:21:47.954195,,,"[""mqtt_map""]",2,0,0,0,mapreport,msh/US/2/map/,HELTEC_V3,,2.7.15.567b8ea,1,,,Active,False,947.1714479408565
!04c5b7f4,▼ Base,▼B,▼ Base,39.7541376,-105.0017792,1688.0,"Denver, Colorado",MAP,,2026-06-30T20:21:38.082241,2026-06-30T21:21:38.117509,,2026-06-30T21:21:38.117509,2026-06-30T21:21:38.117509,,,"[""mqtt_map""]",2,0,0,0,mapreport,msh/US/2/map/,HW_110,12,2.7.16.a597230,1,,,Active,False,1283.9637802661211
!55c72318,VE3KJN,2318,VE3KJN,44.4071936,-76.4936192,168.0,"South Frontenac, Ontario",MAP,,2026-06-30T20:21:36.288944,2026-06-30T21:21:36.268325,,2026-06-30T21:21:36.268325,2026-06-30T21:21:36.268325,,,"[""mqtt_map""]",2,0,0,0,mapreport,msh/US/2/map/,TBEAM,,2.7.15.567b8ea,1,,,Active,False,730.5289787095113
!49b61204,Destroyer Coop ,1204,Destroyer Coop ,55.443456,-131.8322176,24.0,"Ketchikan Gateway Borough, Alaska",MAP,,2026-06-30T20:21:20.869772,2026-06-30T21:21:20.915574,,2026-06-30T21:21:20.915574,2026-06-30T21:21:20.915574,,,"[""mqtt_map""]",2,0,0,0,mapreport,msh/US/2/map/,HW_110,12,2.7.15.567b8ea,1,,,Active,False,2718.6211920183196
!a1d1a53a,Meshtastic a53a,a53a,Meshtastic a53a,37.2375552,-77.529088,83.0,"Chesterfield County, Virginia",MAP,,2026-06-30T20:20:18.212278,2026-06-30T20:20:18.212278,,2026-06-30T20:20:18.212278,2026-06-30T20:20:18.212278,,,"[""mqtt_map""]",1,0,0,0,mapreport,msh/US/2/map/,RAK3172,,2.7.15.567b8ea,1,,,Recent,False,317.7711484173957
!9e77a33c,WSCS302,302,WSCS302,,,,,,,2026-06-29T23:20:14.929845,2026-06-30T20:20:14.654059,,2026-06-30T20:20:14.654059,,,,"[""mqtt_json""]",7,0,0,0,nodeinfo,msh/US/2/json/Knight/!9e77a33c,HELTEC_V3,,,,,,Recent,False,
!f1b88cec,8cecil,8cec,8cecil,30.5594368,-89.4500864,40.0,"Hancock County, Mississippi",MAP,,2026-06-30T20:19:49.130831,2026-06-30T20:19:49.130831,,2026-06-30T20:19:49.130831,2026-06-30T20:19:49.130831,,,"[""mqtt_map""]",1,0,0,0,mapreport,msh/US/2/map/,HW_122,7,2.7.18.233e6ac,1,,,Recent,False,506.0108508711651
!237a3bf8,Headless IL-NNE,F8,Headless IL-NNE,42.4411136,-87.8444544,198.0,"Zion, Illinois",MAP,,2026-06-30T16:48:34.962575,2026-06-30T20:17:22.164445,,2026-06-30T20:17:22.164445,2026-06-30T20:17:22.164445,,,"[""mqtt_map""]",2,0,0,0,mapreport,msh/US/2/map/,TLORA_V1_3,,2.7.26.54e0d8d,1,,,Recent,False,600.8551822716635
!d9a1fefc,Piscataway,pway,Piscataway,40.5536768,-74.4226816,,"South Plainfield, New Jersey",MAP,,2026-06-30T16:58:55.239024,2026-06-30T20:17:14.491506,,2026-06-30T20:17:14.491506,2026-06-30T20:17:14.491506,,,"[""mqtt_map""]",2,0,0,0,mapreport,msh/US/2/map/,TLORA_V1_3,,2.7.25.51f56cc,1,,,Recent,False,586.9445717061534
�   yload,Piscataway,pway,Piscataway,40.5536768,-74.4226816,343.0,"South Plainfield, New Jersey",MQTT JSON,,2026-06-29T22:58:49.756487,2026-06-30T20:17:14.396297,2026-06-30T20:17:14.396297,2026-06-30T20:17:14.396297,,,,"[""mqtt_json""]",40,23,0,0,position,msh/US/2/json/LongFast/!d9a1fefc,TLORA_V1_3,,,,,,Recent,False,586.9445717061534
!0400d10c,Meshtastic d10c,d10c,Meshtastic d10c,46.8189184,-114.03264,992.0,"Missoula, Montana",MAP,,2026-06-30T20:17:06.442002,2026-06-30T20:17:06.442002,,2026-06-30T20:17:06.442002,2026-06-30T20:17:06.442002,,,"[""mqtt_map""]",1,0,0,0,mapreport,msh/US/2/map/,HELTEC_V3,,2.7.15.567b8ea,1,,,Recent,False,1832.1227224863464
!2370df4a,BN 0ba0,0ba0,BN 0ba0,33.8624512,-84.0892416,280.0,"Gwinnett County, Georgia",MAP,,2026-06-30T20:16:53.232337,2026-06-30T20:16:53.232337,,2026-06-30T20:16:53.232337,2026-06-30T20:16:53.232337,,,"[""mqtt_map""]",1,0,0,0,mapreport,msh/US/2/map/,HW_110,,2.7.24.472b14c,1,,,Recent,False,118.44682921225886
!6982bfbc,Meshtastic Willow,Wllw,Meshtastic Willow,37.289984,-121.8838528,45.0,"San Jose, California",MAP,,2026-06-30T20:16:39.286355,2026-06-30T20:16:39.286355,,2026-06-30T20:16:39.286355,2026-06-30T20:16:39.286355,,,"[""mqtt_map""]",1,0,0,0,mapreport,msh/US/2/map/,HW_110,,2.7.15.567b8ea,1,,,Recent,False,2195.868429796583
!32c7ba5a,Elab router pi4-30dB ba5a,ba5a,Elab router pi4-30dB ba5a,20.0343552,-155.6938752,,"Hawaiʻi County, Hawaii",MAP,,2026-06-30T20:14:53.779743,2026-06-30T20:14:53.779743,,2026-06-30T20:14:53.779743,2026-06-30T20:14:53.779743,,,"[""mqtt_map""]",1,0,0,0,mapreport,msh/US/2/map/,PORTDUINO,2,2.6.4,1,,,Recent,False,4514.218051852372
!04097354,Meshtastic 7354,7354,Meshtastic 7354,41.484288,-90.5576448,215.0,"Rock Island, Illinois",MAP,,2026-06-30T20:13:44.548408,2026-06-30T20:13:44.548408,,2026-06-30T20:13:44.548408,2026-06-30T20:13:44.548408,,,"[""mqtt_map""]",1,0,0,0,mapreport,msh/US/2/map/,HELTEC_V3,,2.7.15.567b8ea,1,,,Recent,False,637.072462219121
!433ef440,WD4CLZ upstairs f440,fide,WD4CLZ upstairs f440,26.0243456,-80.1964032,5.0,"Hollywood, Florida",MAP,,2026-06-30T20:13:41.903532,2026-06-30T20:13:41.903532,,2026-06-30T20:13:41.903532,2026-06-30T20:13:41.903532,,,"[""mqtt_map""]",1,0,0,0,mapreport,msh/US/2/map/,HELTEC_V3,,2.7.15.567b8ea,1,,,Recent,False,623.8145007518635
!7e1b6d99,DQ_Mesh_6d99,DQ04,DQ_Mesh_6d99,32.5582848,-94.7388416,100.0,"Gregg County, Texas",MAP,,2026-06-30T20:12:55.764149,2026-06-30T20:12:55.764149,,2026-06-30T20:12:55.764149,2026-06-30T20:12:55.764149,,,"[""mqtt_map""]",1,0,0,0,mapreport,msh/US/2/map/,TLORA_V1_3,,2.6.11.60ec05e,1,,,Recent,False,726.5451155074556
!db578df0,N5AE DESK,LM02,N5AE DESK,32.8073216,-96.4820992,132.0,"Kaufman County, Texas",MAP,,2026-06-30T20:12:49.195489,2026-06-30T20:12:49.195489,,2026-06-30T20:12:49.195489,2026-06-30T20:12:49.195489,,,"[""mqtt_map""]",1,0,0,0,mapreport,msh/US/2/map/,HELTEC_V3,,2.7.15.567b8ea,1,,,Recent,False,820.1327604780058
!0811fb5c,ETMF - Home,Home,ETMF - Home,,,,,,,2026-06-30T00:11:32.574407,2026-06-30T20:11:34.508572,,2026-06-30T20:11:34.508572,,,,"[""mqtt_json""]",11,0,0,0,nodeinfo,msh/US/2/json/ETMF/!0811fb5c,LILYGO_TBEAM_S3_CORE,,,,,,Recent,False,
!ba0cabdc,Meshtastic abdc,abdc,Meshtastic abdc,39.7213696,-104.955904,1626.0,"Denver, Colorado",MAP,,2026-06-30T20:09:22.962942,2026-06-30T20:09:22.962942,,2026-06-30T20:09:22.962942,2026-06-30T20:09:22.962942,,,"[""mqtt_map""]",1,0,0,0,mapreport,msh/US/2/map/,HELTEC_V3,,2.6.11.60ec05e,1,,,Recent,False,1281.2312168059175
!a5a5ee8d,Meshtastic ee8d,xkcd,Meshtastic ee8d,39.0004736,-76.9196032,39.0,"College Park, Maryland",MAP,,2026-06-30T20:07:34.784595,2026-06-30T20:07:34.784595,,2026-06-30T20:07:34.784595,2026-06-30T20:07:34.784595,,,"[""mqtt_map""]",1,0,0,0,mapreport,msh/US/2/map/,RAK3172,1,2.7.15.567b8ea,1,,,Recent,False,416.45328318213916
!1ba3bda8,zefie,zef,zefie,42.27072,-73.7542144,54.0,"Town of Claverack, New York",MAP,,2026-06-30T17:05:43.831282,2026-06-30T20:05:43.571608,,2026-06-30T20:05:43.571608,2026-06-30T20:05:43.571608,,,"[""mqtt_map""]",2,0,0,0,mapreport,msh/US/2/map/,HW_110,,2.7.24.472b14c,1,,,Recent,False,692.4932703099523
!31195b17,Beimini-Tracker,🍓,Beimini-Tracker,,,,,,,2026-06-30T19:59:41.003478,2026-06-30T19:59:41.003478,,2026-06-30T19:59:41.003478,2026-06-30T19:59:41.003478,,,"[""mqtt_map""]",1,0,0,0,mapreport,msh/US/2/map/,HW_5,,,,,,Recent,False,
!eeffcafe,corruptedstack | mqtt virtual node,dmbv,corruptedstack | mqtt virtual node,,40.7764992,3549822976.0,,,,2026-06-30T16:58:33.736713,2026-06-30T19:58:33.592688,,2026-06-30T19:58:33.592688,2026-06-30T19:58:33.592688,,,"[""mqtt_map""]",2,0,0,0,mapreport,msh/US/2/map/,,,,,,,Recent,False,
!849b9404,YVR1,YVR1,YVR1,,,,,,,2026-06-30T16:58:25.082566,2026-06-30T19:58:24.972385,,2026-06-30T19:58:24.972385,2026-06-30T19:58:24.972385,,,"[""mqtt_map""]",2,0,0,0,mapreport,msh/US/2/map/,,,,,,,Recent,False,
!c07de968,Rapalax,px_c,Rapalax,,,,,,,2026-06-30T19:58:22.959365,2026-06-30T19:58:22.959365,,2026-06-30T19:58:22.959365,2026-06-30T19:58:22.959365,,,"[""mqtt_map""]",1,0,0,0,mapreport,msh/US/2/map/,,,,,,,Recent,False,
!a6965584,Meshtastic AHUB,AHUB,Meshtastic AHUB,,,,,,,2026-06-30T16:58:21.886953,2026-06-30T19:58:21.687866,,2026-06-30T19:58:21.687866,2026-06-30T19:58:21.687866,,,"[""mqtt_map""]",2,0,0,0,mapreport,msh/US/2/map/,,,,,,,Recent,False,
!b2a74458,TRITON PORTABLE ,🔱,TRITON PORTABLE ,,,,,,,2026-06-30T16:58:12.884995,2026-06-30T19:58:12.513451,,2026-06-30T19:58:12.513451,2026-06-30T19:58:12.513451,,,"[""mqtt_map""]",2,0,0,0,mapreport,msh/US/2/map/,,,,,,,Recent,False,
!a2ebd2fc,RHIst,RHI,RHIst,,45.4593811,3522854701.0,,,,2026-06-30T16:58:09.501008,2026-06-30T19:58:09.349802,,2026-06-30T19:58:09.349802,2026-06-30T19:58:09.349802,,,"[""mqtt_map""]",2,0,0,0,mapreport,msh/US/2/map/,,,,,,,Recent,False,
!9e7562b8,MNCR 4ACRES,M4AC,MNCR 4ACRES,,,,,,,2026-06-30T16:58:08.842951,2026-06-30T19:58:08.718662,,2026-06-30T19:58:08.718662,2026-06-30T19:58:08.718662,,,"[""mqtt_map""]",2,0,0,0,mapreport,msh/US/2/map/,HELTEC_V2_1,,,,,,Recent,False,
!1ba5fbf4,Meshtastic Mashtela,TLV,Meshtastic Mashtela,,,,,,,2026-06-30T19:57:55.497123,2026-06-30T19:57:55.497123,,2026-06-30T19:57:55.497123,2026-06-30T19:57:55.497123,,,"[""mqtt_map""]",1,0,0,0,mapreport,msh/US/2/map/,,,,,,,Recent,False,
!02e59424,Bedico,0420,Bedico,,,,,,,2026-06-30T16:57:39.078377,2026-06-30T19:57:39.237804,,2026-06-30T19:57:39.237804,2026-06-30T19:57:39.237804,,,"[""mqtt_map""]",2,0,0,0,mapreport,msh/US/2/map/,HELTEC_V1,,,,,,Recent,False,
!0409c894,Office_v3,8124,Office_v3,,,,,,,2026-06-30T16:57:22.117525,2026-06-30T19:57:22.031662,,2026-06-30T19:57:22.031662,2026-06-30T19:57:22.031662,,,"[""mqtt_map""]",2,0,0,0,mapreport,msh/US/2/map/,,,,,,,Recent,False,
!4903aeac,Logar_Node,lo6r,Logar_Node,,,,,,,2026-06-30T19:57:19.513340,2026-06-30T19:57:19.513340,,2026-06-30T19:57:19.513340,2026-06-30T19:57:19.513340,,,"[""mqtt_map""]",1,0,0,0,mapreport,msh/US/2/map/,TLORA_V1,,,,,,Recent,False,
!6ac2e441,Blaster,Blst,Blaster,,,,,,,2026-06-30T16:57:19.469331,2026-06-30T19:57:19.481257,,2026-06-30T19:57:19.481257,2026-06-30T19:57:19.481257,,,"[""mqtt_map""]",2,0,0,0,mapreport,msh/US/2/map/,,,,,,,Recent,False,
!3f3d24f2,roguekin pocket,🔋,roguekin pocket,,,,,,,2026-06-30T16:57:18.151473,2026-06-30T19:57:18.374772,,2026-06-30T19:57:18.374772,2026-06-30T19:57:18.374772,,,"[""mqtt_map""]",2,0,0,0,mapreport,msh/US/2/map/,TLORA_V2,,,,,,Recent,False,
!ba56c0c0,CCTDW1,CCTD,CCTDW1,,,,,,,2026-06-30T16:56:31.025073,2026-06-30T19:56:30.984511,,2026-06-30T19:56:30.984511,2026-06-30T19:56:30.984511,,,"[""mqtt_map""]",2,0,0,0,mapreport,msh/US/2/map/,,,,,,,Recent,False,
!013ed049,EmpokNor,d049,EmpokNor,,,,,,,2026-06-30T16:56:31.130054,2026-06-30T19:56:30.967417,,2026-06-30T19:56:30.967417,2026-06-30T19:56:30.967417,,,"[""mqtt_map""]",2,0,0,0,mapreport,msh/US/2/map/,,,,,,,Recent,False,
!1ba28094,KC3UXM 8094,8094,KC3UXM 8094,,,,,,,2026-06-30T16:56:11.550929,2026-06-30T19:56:13.015085,,2026-06-30T19:56:13.015085,2026-06-30T19:56:13.015085,,,"[""mqtt_map""]",2,0,0,0,mapreport,msh/US/2/map/,,,,,,,Recent,False,
!6984a0bc,Port Hardy MQTT Gateway,PHMG,Port Hardy MQTT Gateway,,,,,,,2026-06-30T19:55:49.651117,2026-06-30T19:55:49.651117,,2026-06-30T19:55:49.651117,2026-06-30T19:55:49.651117,,,"[""mqtt_map""]",1,0,0,0,mapreport,msh/US/2/map/,TLORA_V2,,,,,,Recent,False,
!d45aae94,N916_Inside,N_In,N916_Inside,,,,,,,2026-06-30T16:55:38.049582,2026-06-30T19:55:39.843989,,2026-06-30T19:55:39.843989,2026-06-30T19:55:39.843989,,,"[""mqtt_map""]",2,0,0,0,mapreport,msh/US/2/map/,TLORA_V2,,,,,,Recent,False,
!f6708b20,OneMadStation1,oms1,OneMadStation1,,,,,,,2026-06-30T16:55:34.985495,2026-06-30T19:55:36.014998,,2026-06-30T19:55:36.014998,2026-06-30T19:55:36.014998,,,"[""mqtt_map""]",2,0,0,0,mapreport,msh/US/2/map/,HELTEC_V1,,,,,,Recent,False,
!699b8270,W2WTF-2,WTF2,W2WTF-2,,,,,,,2026-06-30T16:55:33.312125,2026-06-30T19:55:36.014195,,2026-06-30T19:55:36.014195,2026-06-30T19:55:36.014195,,,"[""mqtt_map""]",2,0,0,0,mapreport,msh/US/2/map/,HELTEC_V1,,,,,,Recent,False,
!f1d9d84b,Nick's Node - SenseCAP,NN-S,Nick's Node - SenseCAP,,,,,,,2026-06-30T16:55:21.498618,2026-06-30T19:55:20.568730,,2026-06-30T19:55:20.568730,2026-06-30T19:55:20.568730,,,"[""mqtt_map""]",2,0,0,0,mapreport,msh/US/2/map/,TLORA_V2,,,,,,Recent,False,
!a0cbf4e0,Meshtastic f4e0,f4e0,Meshtastic f4e0,,,,,,,2026-06-30T19:55:06.694983,2026-06-30T19:55:06.694983,,2026-06-30T19:55:06.694983,2026-06-30T19:55:06.694983,,,"[""mqtt_map""]",1,0,0,0,mapreport,msh/US/2/map/,,,,,,,Recent,False,
!69828478,KAMLOOPS REPEATER,KR1,KAMLOOPS REPEATER,,,,,,,2026-06-30T16:54:09.739914,2026-06-30T19:54:09.632831,,2026-06-30T19:54:09.632831,2026-06-30T19:54:09.632831,,,"[""mqtt_map""]",2,0,0,0,mapreport,msh/US/2/map/,,,,,,,Recent,False,
!aee58918,AK-47 8918,AK47,AK-47 8918,,,,,,,2026-06-30T16:53:29.072866,2026-06-30T19:53:28.760179,,2026-06-30T19:53:28.760179,2026-06-30T19:53:28.760179,,,"[""mqtt_map""]",2,0,0,0,mapreport,msh/US/2/map/,,,,,,,Recent,False,
!938beab0,W4JLP QTH,W4QT,W4JLP QTH,,34.2294528,3487760384.0,,,,2026-06-30T16:53:27.377087,2026-06-30T19:53:27.306304,,2026-06-30T19:53:27.306304,2026-06-30T19:53:27.306304,,,"[""mqtt_map""]",2,0,0,0,mapreport,msh/US/2/map/,,,,,,,Recent,False,
!b6d63956,T1GR M1,TGR1,T1GR M1,,,,,,,2026-06-30T19:53:23.241794,2026-06-30T19:53:23.241794,,2026-06-30T19:53:23.241794,2026-06-30T19:53:23.241794,,,"[""mqtt_map""]",1,0,0,0,mapreport,msh/US/2/map/,,,,,,,Recent,False,
!b03c98c0,Meshtastic 98c0,98c0,Meshtastic 98c0,,,,,,,2026-06-30T16:53:20.955823,2026-06-30T19:53:19.477888,,2026-06-30T19:53:19.477888,2026-06-30T19:53:19.477888,,,"[""mqtt_map""]",2,0,0,0,mapreport,msh/US/2/map/,,,,,,,Recent,False,
!9ee6f5d8,LupoRoute,Lup0,LupoRoute,,,,,,,2026-06-30T16:53:01.429521,2026-06-30T19:53:01.344800,,2026-06-30T19:53:01.344800,2026-06-30T19:53:01.344800,,,"[""mqtt_map""]",2,0,0,0,mapreport,msh/US/2/map/,TLORA_V1,,,,,,Recent,False,
!9e779a50,Meshtastic 9a50,9a50,Meshtastic 9a50,,,,,,,2026-06-30T19:53:00.316199,2026-06-30T19:53:00.316199,,2026-06-30T19:53:00.316199,2026-06-30T19:53:00.316199,,,"[""mqtt_map""]",1,0,0,0,mapreport,msh/US/2/map/,,,,,,,Recent,False,
!087a2e18,Meshtastic 2e18,2e18,Meshtastic 2e18,,,,,,,2026-06-30T16:52:58.900755,2026-06-30T19:52:58.808334,,2026-06-30T19:52:58.808334,2026-06-30T19:52:58.808334,,,"[""mqtt_map""]",2,0,0,0,mapreport,msh/US/2/map/,,,,,,,Recent,False,
!45e86b87,Mad_pWpD 6b87,6b87,Mad_pWpD 6b87,,,,,,,2026-06-30T19:51:56.971686,2026-06-30T19:51:56.971686,,2026-06-30T19:51:56.971686,2026-06-30T19:51:56.971686,,,"[""mqtt_map""]",1,0,0,0,mapreport,msh/US/2/map/,,,,,,,Recent,False,
!02ee459c,Ryal Side Bev,ioh,Ryal Side Bev,,,,,,,2026-06-30T16:51:08.235830,2026-06-30T19:51:08.109044,,2026-06-30T19:51:08.109044,2026-06-30T19:51:08.109044,,,"[""mqtt_map""]",2,0,0,0,mapreport,msh/US/2/map/,,,,,,,Recent,False,
!9e9f2c54,SnyMesh 2c54,🎪,SnyMesh 2c54,,,,,,,2026-06-30T16:51:00.411734,2026-06-30T19:51:00.236381,,2026-06-30T19:51:00.236381,2026-06-30T19:51:00.236381,,,"[""mqtt_map""]",2,0,0,0,mapreport,msh/US/2/map/,,,,,,,Recent,False,
!93878da0,South Arlington 8da0,SA8,South Arlington 8da0,,,,,,,2026-06-30T16:50:54.416334,2026-06-30T19:50:54.506938,,2026-06-30T19:50:54.506938,2026-06-30T19:50:54.506938,,,"[""mqtt_map""]",2,0,0,0,mapreport,msh/US/2/map/,TLORA_V1,,,,,,Recent,False,
!040987d4,Meshtastic 87d4,87d4,Meshtastic 87d4,,38.99392,3083730944.0,,,,2026-06-30T16:50:53.789895,2026-06-30T19:50:53.593602,,2026-06-30T19:50:53.593602,2026-06-30T19:50:53.593602,,,"[""mqtt_map""]",2,0,0,0,mapreport,msh/US/2/map/,,,,,,,Recent,False,
!1de92b60,EVIN RagChew&TecGroup 2b60,2b60,EVIN RagChew&TecGroup 2b60,,,,,,,2026-06-30T17:05:30.663312,2026-06-30T17:05:30.663312,,2026-06-30T17:05:30.663312,2026-06-30T17:05:30.663312,,,"[""mqtt_map""]",1,0,0,0,mapreport,msh/US/2/map/,,,,,,,Recent,False,
!db2ab93c,Meshtastic b93c,b93c,Meshtastic b93c,38.9808128,-74.8945408,7.0,"Lower Township, New Jersey",MQTT JSON,,2026-06-30T00:38:14.435995,2026-06-30T21:22:40.494016,2026-06-30T21:22:40.494016,2026-06-30T21:22:40.494016,,2026-06-30T13:16:28.370353,,"[""mqtt_json""]",145,85,18,0,position,msh/US/2/json/LongFast/!db2ab93c,HELTEC_V3,,,,,,Active,False,502.69165920177653
!04330f64,Meshtastic 0f64,0f64,Meshtastic 0f64,,,,,,,2026-06-30T00:14:28.397556,2026-06-30T17:03:21.981066,,2026-06-30T17:03:21.981066,,2026-06-30T17:03:21.981066,,"[""mqtt_json""]",32,0,24,0,telemetry,msh/US/2/json/Homestead/!04330f64,HELTEC_V3,,,,,,Recent,False,
!49b3c9ec,Henk PiTastic,HePi,Henk PiTastic,,42.9654016,3415998464.0,,,,2026-06-30T17:01:16.617741,2026-06-30T17:01:16.617741,,2026-06-30T17:01:16.617741,2026-06-30T17:01:16.617741,,,"[""mqtt_map""]",1,0,0,0,mapreport,msh/US/2/map/,,,,,,,Recent,False,
!1ba1bae0,VinhMaster,wifi,VinhMaster,,,,,,,2026-06-30T16:56:13.668710,2026-06-30T17:00:25.463675,,2026-06-30T17:00:25.463675,,2026-06-30T16:56:13.668710,,"[""mqtt_json""]",4,0,1,0,,msh/US/2/json/LongFast/!1ba1bae0,HW_110,,,,,,Recent,False,
!f6f9087c,Meshtastic HPR Drone #1 087c,087c,Meshtastic HPR Drone #1 087c,,,,,,,2026-06-30T16:59:33.848100,2026-06-30T16:59:33.848100,,2026-06-30T16:59:33.848100,2026-06-30T16:59:33.848100,,,"[""mqtt_map""]",1,0,0,0,mapreport,msh/US/2/map/,,,,,,,Recent,False,
!822110b0,JCLAN_10b0,10b0,JCLAN_10b0,,,,,,,2026-06-30T16:58:02.963822,2026-06-30T16:58:02.963822,,2026-06-30T16:58:02.963822,2026-06-30T16:58:02.963822,,,"[""mqtt_map""]",1,0,0,0,mapreport,msh/US/2/map/,,,,,,,Recent,False,
!9eab28b4,Millennium Falcon,FLCN,Millennium Falcon,,,,,,,2026-06-30T16:54:35.179285,2026-06-30T16:57:33.250210,,2026-06-30T16:57:33.250210,2026-06-30T16:57:33.250210,,,"[""mqtt_map""]",2,0,0,0,mapreport,msh/US/2/map/,,,,,,,Recent,False,
!9e9b52a0,Arcyn - K4JMX,ARCN,Arcyn - K4JMX,,,,,,,2026-06-30T16:57:28.718928,2026-06-30T16:57:28.718928,,2026-06-30T16:57:28.718928,2026-06-30T16:57:28.718928,,,"[""mqtt_map""]",1,0,0,0,mapreport,msh/US/2/map/,,,,,,,Recent,False,
!b173c71b,AB1AU (WisMesh Tag),c71b,AB1AU (WisMesh Tag),,,,,,,2026-06-30T16:56:50.093533,2026-06-30T16:56:50.093533,,2026-06-30T16:56:50.093533,2026-06-30T16:56:50.093533,,,"[""mqtt_map""]",1,0,0,0,mapreport,msh/US/2/map/,,,,,,,Recent,False,
!a03173f0,Chauga Store,🚗,Chauga Store,,,,,,,2026-06-30T16:56:48.228701,2026-06-30T16:56:48.228701,,2026-06-30T16:56:48.228701,2026-06-30T16:56:48.228701,,,"[""mqtt_map""]",1,0,0,0,mapreport,msh/US/2/map/,,,,,,,Recent,False,
!553e94e6,Meshtastic 94e6,94e6,Meshtastic 94e6,,,,,,,2026-06-30T16:53:12.525583,2026-06-30T16:53:12.525583,,2026-06-30T16:53:12.525583,2026-06-30T16:53:12.525583,,,"[""mqtt_map""]",1,0,0,0,mapreport,msh/US/2/map/,,,,,,,Recent,False,
!6dcd5a0c,MikeAwesum,Mike,MikeAwesum,,,,,,,2026-06-30T16:52:36.578617,2026-06-30T16:52:36.578617,,2026-06-30T16:52:36.578617,2026-06-30T16:52:36.578617,,,"[""mqtt_map""]",1,0,0,0,mapreport,msh/US/2/map/,,,,,,,Recent,False,
!207b3b79,KE5TAY 3b79,3b79,KE5TAY 3b79,,,,,,,2026-06-30T16:50:09.091963,2026-06-30T16:50:09.091963,,2026-06-30T16:50:09.091963,2026-06-30T16:50:09.091963,,,"[""mqtt_map""]",1,0,0,0,mapreport,msh/US/2/map/,,,,,,,Recent,False,
!ea1cc6cc,Jeff,Hoo,Jeff,35.9923712,-81.5005696,-242.0,"Caldwell County, North Carolina",unknown,,2026-06-30T01:48:32.241656,2026-06-30T16:48:34.970939,,2026-06-30T16:48:34.970939,,,,"[""mqtt_json""]",12,0,0,0,nodeinfo,msh/US/2/json/Kertob/!ea1cc6cc,T_DECK,,,,,,Recent,False,93.4457065021549
!f6623b20,DrDorito,dort,DrDorito,,,,,,,2026-06-30T16:48:34.967991,2026-06-30T16:48:34.967991,,2026-06-30T16:48:34.967991,2026-06-30T16:48:34.967991,,,"[""mqtt_map""]",1,0,0,0,mapreport,msh/US/2/map/,,,,,,,Recent,False,
!3456cdad,NetNerd,Fded,NetNerd,,,,,,,2026-06-30T16:48:34.964283,2026-06-30T16:48:34.965783,,2026-06-30T16:48:34.965783,2026-06-30T16:48:34.965783,,,"[""mqtt_map""]",2,0,0,0,mapreport,msh/US/2/map/,,,,,,,Recent,False,
!8fa7c794,CantonOhEastRepeat,COER,CantonOhEastRepeat,,,,,,,2026-06-30T16:46:38.589865,2026-06-30T16:46:38.589865,,2026-06-30T16:46:38.589865,2026-06-30T16:46:38.589865,,,"[""mqtt_map""]",1,0,0,0,mapreport,msh/US/2/map/,HELTEC_V1,,,,,,Recent,False,
!45a3577c,homebase,👽,homebase,,,,,,,2026-06-30T01:33:04.098933,2026-06-30T16:30:48.755727,,2026-06-30T16:30:48.755727,,,,"[""mqtt_json""]",9,0,0,0,nodeinfo,msh/US/2/json/LongFast/!45a3577c,HELTEC_VISION_MASTER_E213,,,,,,Recent,False,
!3236bf54,AngCO Mesh N1,ANGC,AngCO Mesh N1,31.326208,-94.7126272,15.0,"Lufkin, Texas",MQTT JSON,,2026-06-30T01:26:33.202535,2026-06-30T16:26:33.125260,2026-06-30T07:26:53.661974,2026-06-30T16:26:33.125260,,,,"[""mqtt_json""]",8,2,0,0,nodeinfo,msh/US/2/json/LongFast/!3236bf54,PORTDUINO,,,,,,Recent,False,752.9511460630869
!9e9f3cd4,Work Truck,ACO,Work Truck,40.7526452,-73.1810105,30.0,"Town of Islip, New York",MQTT JSON,,2026-06-30T08:51:47.291376,2026-06-30T16:22:18.765913,2026-06-30T16:15:02.637552,2026-06-30T16:22:18.765913,,2026-06-30T16:22:18.765913,,"[""mqtt_json""]",366,338,26,0,telemetry,msh/US/2/json/LongFast/!9e9f3cd4,HELTEC_V3,,,,,,Recent,False,646.7821329668867
!7a6d75e4,Meshtastic 75e4,75e4,Meshtastic 75e4,41.549824,-87.425024,135.0,"Griffith, Indiana",MQTT JSON,,2026-06-29T23:52:57.137671,2026-06-30T16:09:22.919926,2026-06-30T01:08:59.868392,2026-06-30T16:09:22.919926,,,,"[""mqtt_json""]",104,22,0,0,,msh/US/2/json/LongFast/!7a6d75e4,TBEAM,,,,,,Recent,False,537.1105169033029
!6984b7fc,,,!6984b7fc,,,,,,,2026-06-30T00:37:09.590280,2026-06-30T15:48:34.426505,,2026-06-30T15:48:34.426505,,,,"[""mqtt_json""]",10,0,0,0,,msh/US/2/json/PKI/!6984b7fc,,,,,,,Recent,False,
!0acb4c1c,Temperate Hemlock,THak,Temperate Hemlock,55.3598675,-131.6881406,70.0,"Ketchikan, Alaska",MQTT JSON,,2026-06-29T22:58:07.402501,2026-06-30T14:39:46.990390,2026-06-30T13:49:09.657931,2026-06-30T14:39:46.990390,,,,"[""mqtt_json""]",113,95,0,0,nodeinfo,msh/US/2/json/CHICKAWOOG/!0acb4c1c,HW_110,,,,,,Recent,False,2712.01086396364
!b03bb3d8,,,!b03bb3d8,,,,,,,2026-06-29T22:58:44.529427,2026-06-30T14:17:30.408123,,2026-06-30T14:17:30.408123,,,,"[""mqtt_json""]",22,0,0,0,,msh/US/2/json/LongFast/!b03bb3d8,,,,,,,Recent,False,
!4c239987,Meshing Around BBS,BBS,Meshing Around BBS,,,,,,,2026-06-30T01:45:19.469799,2026-06-30T13:45:19.524648,,2026-06-30T13:45:19.524648,,,,"[""mqtt_json""]",5,0,0,0,nodeinfo,msh/US/2/json/LongFast/!4c239987,PORTDUINO,,,,,,Recent,False,
!db516b38,wasteland,dwlr,wasteland,,,,,,,2026-06-30T01:33:53.920795,2026-06-30T13:39:09.846497,,2026-06-30T13:39:09.846497,,,,"[""mqtt_json""]",14,0,0,0,nodeinfo,msh/US/2/json/LongFast/!db516b38,HELTEC_V3,,,,,,Recent,False,
!69825700,Meshtastic 5700,5700,Meshtastic 5700,33.7912461,-78.7323193,-49.0,"North Myrtle Beach, South Carolina",MQTT JSON,,2026-06-30T01:31:43.447689,2026-06-30T13:20:43.710856,2026-06-30T13:20:43.710856,2026-06-30T13:20:43.710856,,,,"[""mqtt_json""]",22,7,0,0,position,msh/US/2/json/19526/!69825700,HW_110,,,,,,Recent,False,221.4263318287329
!b2a70980,,,!b2a70980,,,,,,,2026-06-29T23:48:27.799592,2026-06-30T13:19:41.501514,,2026-06-30T13:19:41.501514,,,,"[""mqtt_json"", ""mqtt_raw""]",8,0,0,0,,msh/US/2/json/PKI/!b2a70980,,,,,,,Recent,False,
!f68dcd9c,,,!f68dcd9c,,,,,,,2026-06-30T00:38:08.921082,2026-06-30T13:16:04.268588,,2026-06-30T13:16:04.268588,,2026-06-30T13:16:04.268588,,"[""mqtt_json""]",5,0,5,0,telemetry,msh/US/2/json/PKI/!f68dcd9c,,,,,,,Recent,False,
!b2a7c5c0,HEX-Development,HEX,HEX-Development,45.903845,-122.8627683,,"Columbia County, Oregon",MQTT JSON,,2026-06-29T22:59:02.690716,2026-06-29T22:59:02.690716,2026-06-29T22:59:02.690716,2026-06-29T22:59:02.690716,,,,"[""mqtt_json""]",3,1,0,0,position,msh/US/2/json/LongFast/!b2a7c5c0,TLORA_V1_3,,,,,,Stale,False,2234.8659899900385
!4a03318f,Giuseppe,GIU,Giuseppe,,,,,,,,2026-06-29T22:31:15.941562,,,,,,[],7,0,0,0,nodeinfo,,PORTDUINO,,,,,,Unknown,False,
!9ea0bb4c,Salzkammergut,SALZ,Salzkammergut,,,,,,,,2026-06-29T22:04:49.996088,,,,,,[],2,0,0,0,nodeinfo,,HELTEC_V3,,,,,,Unknown,False,
!a1cd3d28,Rottisimo,RTTI,Rottisimo,,,,,,,,2026-06-29T21:13:45.891225,,,,,,[],1,0,0,0,nodeinfo,,T_DECK,,,,,,Unknown,False,
!04e1c43b,Giuseppe,GIU,Giuseppe,,,,,,,,2026-06-29T21:13:39.342254,,,,,,[],1,0,0,0,nodeinfo,,PORTDUINO,,,,,,Unknown,False,
!deadbeef,Test Station,TS,Test Station,34.9,-82.2,300.0,"Greenville, SC",unknown,,,2026-06-29T21:06:46.933992,,,,,,[],5,0,0,0,position,,TBEAM,,,,,,Unknown,True,11.474026315286004
!e213a228,,,!e213a228,21.4171648,-157.7320448,-4.0,"East Honolulu, Hawaii",MQTT JSON,,2026-06-30T21:20:28.854119,2026-06-30T21:25:04.121126,2026-06-30T21:25:04.121126,2026-06-30T21:25:04.121126,,,,"[""mqtt_json""]",4,4,0,0,position,msh/US/2/json/LongFast/!eb719922,,,,,,,Active,False,4580.5217366216675
!365fe43c,,,!365fe43c,41.8250752,-86.4681984,230.0,"Weesaw Township, Michigan",MQTT JSON,,2026-06-30T21:20:55.790087,2026-06-30T21:20:55.790087,2026-06-30T21:20:55.790087,2026-06-30T21:20:55.790087,,,,"[""mqtt_json""]",1,1,0,0,position,msh/US/2/json/LongFast/!43b5b5f8,,,,,,,Active,False,529.7740903131088
!f06e7ad7,,,!f06e7ad7,40.2100706,-77.2166505,143.0,"Carlisle, Pennsylvania",MQTT JSON,,2026-06-30T21:21:02.741673,2026-06-30T21:21:02.741673,2026-06-30T21:21:02.741673,2026-06-30T21:21:02.741673,,,,"[""mqtt_json""]",1,1,0,0,position,msh/US/2/json/LongFast/!435ac904,,,,,,,Active,False,466.1742966522752
!db963de5,District@Duluth 3de5,D@D,District@Duluth 3de5,,,,,,,2026-06-30T21:21:03.712235,2026-06-30T21:21:03.712235,,2026-06-30T21:21:03.712235,,,,"[""mqtt_json""]",1,0,0,0,nodeinfo,msh/US/2/json/MediumFast/!69854c6c,TLORA_V1_3,,,,,,Active,False,
!046b3685,,,!046b3685,30.4545792,-87.2218624,30.0,"Escambia County, Florida",MQTT JSON,,2026-06-30T21:21:07.018442,2026-06-30T21:21:07.018442,2026-06-30T21:21:07.018442,2026-06-30T21:21:07.018442,,,,"[""mqtt_json""]",1,1,0,0,position,msh/US/2/json/LongFast/!1ba3c324,,,,,,,Active,False,413.6671071068364
!435ba294,,,!435ba294,30.4873472,-87.16288,1.0,"Pensacola, Florida",MQTT JSON,,2026-06-30T21:21:26.691611,2026-06-30T21:21:26.691611,2026-06-30T21:21:26.691611,2026-06-30T21:21:26.691611,,,,"[""mqtt_json""]",1,1,0,0,position,msh/US/2/json/LongFast/!1ba3c324,,,,,,,Active,False,409.6459284182226
!3e6448ca,J&B,JBB,J&B,37.7225216,-122.3950336,34.0,"San Francisco, California",MAP,,2026-06-30T21:21:43.452659,2026-06-30T21:21:43.452659,,2026-06-30T21:21:43.452659,2026-06-30T21:21:43.452659,,,"[""mqtt_map""]",1,0,0,0,mapreport,msh/US/2/map/,HW_89,,2.7.26.54e0d8d,1,,,Active,False,2219.7399266872517
!eaeac534,,,!eaeac534,27.5631408,-80.404241,26.0,"Indian River County, Florida",MQTT JSON,,2026-06-30T21:21:57.248975,2026-06-30T21:21:57.248975,2026-06-30T21:21:57.248975,2026-06-30T21:21:57.248975,,,,"[""mqtt_json""]",1,1,0,0,position,msh/US/2/json/MediumFast/!49b54578,,,,,,,Active,False,517.1642801438422
!b9499c6f,,,!b9499c6f,30.277632,-94.9223424,21.0,"Liberty County, Texas",MQTT JSON,,2026-06-30T21:22:07.640554,2026-06-30T21:22:07.640554,2026-06-30T21:22:07.640554,2026-06-30T21:22:07.640554,,,,"[""mqtt_json""]",1,1,0,0,position,msh/US/2/json/LongFast/!0404fc0c,,,,,,,Active,False,794.2944990525064
!ac123917,,,!ac123917,41.2320551,-73.3800801,98.0,"Weston, Connecticut",MQTT JSON,,2026-06-30T21:22:19.238585,2026-06-30T21:22:19.238585,2026-06-30T21:22:19.238585,2026-06-30T21:22:19.238585,,,,"[""mqtt_json""]",1,1,0,0,position,msh/US/2/json/CKFamily/!63bf93bc,,,,,,,Active,False,658.772953692299
!a1f80544,,,!a1f80544,48.2607104,-89.6270336,391.0,"Neebing, Ontario",MQTT JSON,,2026-06-30T21:22:33.596095,2026-06-30T21:22:33.596095,2026-06-30T21:22:33.596095,2026-06-30T21:22:33.596095,,,,"[""mqtt_json""]",1,1,0,0,position,msh/US/2/json/LongFast/!f59196ec,,,,,,,Active,False,997.9368857637812
!0333c8e4,,,!0333c8e4,42.7032576,-82.706432,148.0,"Saint Clair County, Michigan",MQTT JSON,,2026-06-30T21:22:34.304645,2026-06-30T21:22:34.304645,2026-06-30T21:22:34.304645,2026-06-30T21:22:34.304645,,,,"[""mqtt_json""]",1,1,0,0,position,msh/US/2/json/LongFast/!9e9d9454,,,,,,,Active,False,542.6938721127725
!6d9ee8c7,,,!6d9ee8c7,20.7093482,-156.2537539,3047.0,"Maui County, Hawaii",MQTT JSON,,2026-06-30T21:22:51.437667,2026-06-30T21:22:51.437667,2026-06-30T21:22:51.437667,2026-06-30T21:22:51.437667,,,,"[""mqtt_json""]",1,1,0,0,position,msh/US/2/json/LongFast/!eb719922,,,,,,,Active,False,4522.276380865957
!f1bd2260,KG2MM TDK1,KTD1,KG2MM TDK1,30.4218112,-81.723392,9.0,"Jacksonville, Florida",MAP,,2026-06-30T21:22:57.308935,2026-06-30T21:22:57.308935,,2026-06-30T21:22:57.308935,2026-06-30T21:22:57.308935,,,"[""mqtt_map""]",1,0,0,0,mapreport,msh/US/2/map/,T_DECK,1,2.7.10.94d4bdf,1,,,Active,False,308.61512143271506
!db2b2e90,,,!db2b2e90,35.4418688,-81.1597824,192.0,"Lincoln County, North Carolina",MQTT JSON,,2026-06-30T21:22:57.112910,2026-06-30T21:25:57.764325,2026-06-30T21:25:57.764325,2026-06-30T21:25:57.764325,,,,"[""mqtt_json""]",2,2,0,0,position,msh/US/2/json/LongFast/!da547958,,,,,,,Active,False,80.7445289071971
!849c39fc,,,!849c39fc,33.3709312,-111.9617024,364.0,"Guadalupe, Arizona",MQTT JSON,,2026-06-30T21:23:09.575658,2026-06-30T21:23:09.575658,2026-06-30T21:23:09.575658,2026-06-30T21:23:09.575658,,,,"[""mqtt_json""]",1,1,0,0,position,msh/US/2/json/LongFast/!0ac9d69c,,,,,,,Active,False,1688.4414110761054
!02e59080,,,!02e59080,39.9245312,-82.968576,230.0,"Columbus, Ohio",MQTT JSON,,2026-06-30T21:23:13.229378,2026-06-30T21:23:13.229378,2026-06-30T21:23:13.229378,2026-06-30T21:23:13.229378,,,,"[""mqtt_json""]",1,1,0,0,position,msh/US/2/json/LongFast/!02ee316c,,,,,,,Active,False,351.8546618315399
!4cafc6f2,📡 Base Node c6f2,Bse2,📡 Base Node c6f2,40.2456576,-76.7229952,152.0,"Lower Swatara Township, Pennsylvania",MAP,,2026-06-30T21:23:54.212877,2026-06-30T21:23:54.902105,,2026-06-30T21:23:54.902105,2026-06-30T21:23:54.902105,,,"[""mqtt_map""]",2,0,0,0,mapreport,msh/US/2/map/,TLORA_V1_3,12,2.6.11.60ec05e,1,,,Active,False,484.9051112157873
!540cb9ed,,,!540cb9ed,32.11264,-110.7034112,976.0,"Pima County, Arizona",MQTT JSON,,2026-06-30T21:24:26.534268,2026-06-30T21:24:26.534268,2026-06-30T21:24:26.534268,2026-06-30T21:24:26.534268,,,,"[""mqtt_json""]",1,1,0,0,position,msh/US/2/json/LongFast/!087a8e0c,,,,,,,Active,False,1636.9087612682622
!f488d1b7,,,!f488d1b7,30.4349184,-87.16288,32.0,"Escambia County, Florida",MQTT JSON,,2026-06-30T21:24:34.847120,2026-06-30T21:24:34.847120,2026-06-30T21:24:34.847120,2026-06-30T21:24:34.847120,,,,"[""mqtt_json""]",1,1,0,0,position,msh/US/2/json/LongFast/!1ba3c324,,,,,,,Active,False,412.3727551464484
!5a69cdef,,,!5a69cdef,40.6646784,-73.9905536,61.0,"New York, New York",MQTT JSON,,2026-06-30T21:24:40.342535,2026-06-30T21:24:40.342535,2026-06-30T21:24:40.342535,2026-06-30T21:24:40.342535,,,,"[""mqtt_json""]",1,1,0,0,position,msh/US/2/json/MediumSlow/!b2a73354,,,,,,,Active,False,609.3762791572107
!41d5b2d2,,,!41d5b2d2,33.3709312,-111.9617024,63.0,"Guadalupe, Arizona",MQTT JSON,,2026-06-30T21:24:48.849687,2026-06-30T21:24:48.849687,2026-06-30T21:24:48.849687,2026-06-30T21:24:48.849687,,,,"[""mqtt_json""]",1,1,0,0,position,msh/US/2/json/LongFast/!0ac9d69c,,,,,,,Active,False,1688.4414110761054
!3e8be9db,N6DZK-GAT562,DZK3,N6DZK-GAT562,37.0802688,-121.6479232,96.0,"Santa Clara County, California",MAP,,2026-06-30T21:25:18.863302,2026-06-30T21:25:18.863302,,2026-06-30T21:25:18.863302,2026-06-30T21:25:18.863302,,,"[""mqtt_map""]",1,0,0,0,mapreport,msh/US/2/map/,TLORA_V1_3,,2.7.23.36b4ed5,1,,,Active,False,2184.9850685328006
!a6964244,,,!a6964244,42.5459712,-83.1258624,197.0,"Troy, Michigan",MQTT JSON,,2026-06-30T21:25:40.733518,2026-06-30T21:25:40.733518,2026-06-30T21:25:40.733518,2026-06-30T21:25:40.733518,,,,"[""mqtt_json""]",1,1,0,0,position,msh/US/2/json/LongFast/!9e9d9454,,,,,,,Active,False,533.0230415331508
!4ef075d4,,,!4ef075d4,35.636784,-78.6812545,114.0,"Wake County, North Carolina",MQTT JSON,,2026-06-30T21:25:46.786518,2026-06-30T21:25:46.786518,2026-06-30T21:25:46.786518,2026-06-30T21:25:46.786518,,,,"[""mqtt_json""]",1,1,0,0,position,msh/US/2/json/LongFast/!9e768068,,,,,,,Active,False,216.3829650520674
